,accuracy,polar_consistency_↓,abs_agreement_score,contradiction_idx_↓,ideal model dist ↓,layer_number,relative_postion,perc_cluster,accuracy_cluster,index,dataset,finetune
0,0.5478723404255319,0.0,0.0,0.3200370967388153,0.5098974035082158,1,0.0,1,1,llama8b_ttt,ttt,no
1,0.526595744680851,0.7732580900192261,0.8030462265014648,0.871040940284729,0.6961853469235696,2,3.0,1,1,llama8b_ttt,ttt,no
2,0.5265957446808511,0.7299799919128418,0.8032461404800415,0.8771133422851562,0.7033115797868976,3,6.0,1,1,llama8b_ttt,ttt,no
3,0.5797872340425532,0.6958969831466675,0.7057735919952393,0.8130671381950378,0.6813767293062366,4,9.0,1,1,llama8b_ttt,ttt,no
4,0.5106382978723405,0.00032560271210968494,0.00032560271210968494,0.030127275735139847,0.21724932636697517,5,12.0,1,1,llama8b_ttt,ttt,no
5,0.5159574468085106,0.00040859211003407836,0.00040859211003407836,0.021292228251695633,0.7165519152363599,6,15.0,1,1,llama8b_ttt,ttt,no
6,0.5159574468085106,0.0002247048105346039,0.0002247048105346039,0.018269356340169907,0.5790508768743171,7,18.0,1,1,llama8b_ttt,ttt,no
7,0.5159574468085106,0.00010611029574647546,0.00010611029574647546,0.012564139440655708,0.9239246241355432,8,21.0,2,1,llama8b_ttt,ttt,no
8,0.5159574468085106,0.00012665899703279138,0.00012665899703279138,0.013476393185555935,0.9182524162654068,9,24.0,2,1,llama8b_ttt,ttt,no
9,0.5159574468085106,0.00016628988669253886,0.00016628988669253886,0.01730096898972988,0.7080763197974391,10,27.0,2,1,llama8b_ttt,ttt,no
10,0.5106382978723405,0.00024216754536610097,0.00024216754536610097,0.020462652668356895,0.6165040564652436,11,30.0,2,1,llama8b_ttt,ttt,no
11,0.5159574468085106,0.00017875246703624725,0.0001930359867401421,0.01698180101811886,0.13417970015435848,12,33.0,2,1,llama8b_ttt,ttt,no
12,0.5159574468085106,0.000400153745431453,0.000400153745431453,0.020652558654546738,0.11964264930994266,13,36.0,2,1,llama8b_ttt,ttt,no
13,0.5904255319148937,0.8176423907279968,0.9368096590042114,0.9696304202079773,0.7043015543049358,14,39.0,2,1,llama8b_ttt,ttt,no
14,0.5106382978723404,0.00036747840931639075,0.00036747840931639075,0.019029732793569565,0.8982979091100911,15,42.0,2,1,llama8b_ttt,ttt,no
15,0.5159574468085106,0.0006964569329284132,0.0006964569329284132,0.026146212592720985,0.18277852097752242,16,45.0,3,1,llama8b_ttt,ttt,no
16,0.5957446808510638,0.5397923588752747,0.7973032593727112,0.879479169845581,0.6990646222056348,17,48.0,3,1,llama8b_ttt,ttt,no
17,0.601063829787234,0.5671098232269287,0.7603764533996582,0.8285693526268005,0.7054472757437207,18,52.0,3,1,llama8b_ttt,ttt,no
18,0.6223404255319149,0.5178675055503845,0.6762732267379761,0.8747391700744629,0.7060455920529776,19,55.0,3,1,llama8b_ttt,ttt,no
19,0.6329787234042553,0.6461154222488403,0.7048410177230835,0.8896217346191406,0.7050969132221736,20,58.0,3,2,llama8b_ttt,ttt,no
20,0.5425531914893618,0.007099478505551815,0.010210083797574043,0.0746927410364151,0.6820877103651238,21,61.0,3,1,llama8b_ttt,ttt,no
21,0.648936170212766,0.6503106951713562,0.7840486168861389,0.87217116355896,0.6937077055040495,22,64.0,3,2,llama8b_ttt,ttt,no
22,0.6436170212765957,0.6207020282745361,0.7293131947517395,0.8110195398330688,0.6893906005997408,23,67.0,3,2,llama8b_ttt,ttt,no
23,0.6595744680851063,0.5184770822525024,0.6720284819602966,0.7924718260765076,0.690135268097392,24,70.0,4,2,llama8b_ttt,ttt,no
24,0.5425531914893617,0.01659105345606804,0.02512267604470253,0.13562621176242828,0.6768197887280897,25,73.0,4,1,llama8b_ttt,ttt,no
25,0.6436170212765957,0.4472656548023224,0.748035192489624,0.8776395320892334,0.7022021506116897,26,76.0,4,2,llama8b_ttt,ttt,no
26,0.6382978723404256,0.3963940739631653,0.76554274559021,0.8392990827560425,0.6977429776734856,27,79.0,4,2,llama8b_ttt,ttt,no
27,0.6382978723404256,0.3993538022041321,0.7483997941017151,0.8815502524375916,0.7029255201776338,28,82.0,4,2,llama8b_ttt,ttt,no
28,0.6382978723404256,0.38486096262931824,0.7054682970046997,0.891994833946228,0.7047550709262893,29,85.0,4,2,llama8b_ttt,ttt,no
29,0.6648936170212766,0.5220499038696289,0.6142833828926086,0.8519260883331299,0.7049492873133612,30,88.0,4,2,llama8b_ttt,ttt,no
30,0.648936170212766,0.36469516158103943,0.674116313457489,0.8500071167945862,0.7031687917597068,31,91.0,4,2,llama8b_ttt,ttt,no
31,0.5212765957446809,0.02342686615884304,0.04481205344200134,0.15681593120098114,0.6813417134925843,32,94.0,4,1,llama8b_ttt,ttt,no
32,0.5425531914893617,0.021402504295110703,0.03638738766312599,0.17352250218391418,0.6834959042571858,33,97.0,4,1,llama8b_ttt,ttt,no
33,0.5478723404255319,0.0,0.0,0.3200370967388153,0.5098974035082158,1,0.0,1,1,llama8b_not,not,no
34,0.5265957446808511,0.757233738899231,0.757233738899231,0.8691739439964294,0.6888822525105143,2,3.0,1,1,llama8b_not,not,no
35,0.5691489361702128,0.6309999227523804,0.702298641204834,0.8476001024246216,0.6981470719029511,3,6.0,1,1,llama8b_not,not,no
36,0.601063829787234,0.4380515217781067,0.5148398876190186,0.7198224663734436,0.6893747322134143,4,9.0,1,1,llama8b_not,not,no
37,0.5531914893617021,0.08991608768701553,0.08991608768701553,0.2565620243549347,0.704192551129777,5,12.0,1,1,llama8b_not,not,no
38,0.6170212765957447,0.49117428064346313,0.5469840168952942,0.6887487173080444,0.698985764094892,6,15.0,1,1,llama8b_not,not,no
39,0.5319148936170213,0.0005276783485896885,0.0006365782464854419,0.02359357662498951,0.7021884833668007,7,18.0,1,1,llama8b_not,not,no
40,0.5053191489361701,2.8750817364198156e-05,5.036017682868987e-05,0.0051161241717636585,0.5890654457761402,8,21.0,2,1,llama8b_not,not,no
41,0.5212765957446809,2.736512578849215e-05,4.416796218720265e-05,0.008509944193065166,0.7090442234949343,9,24.0,2,1,llama8b_not,not,no
42,0.5106382978723404,2.3672677343711257e-05,3.528970046318136e-05,0.0066240401938557625,0.7029457722928019,10,27.0,2,1,llama8b_not,not,no
43,0.5319148936170213,6.026156188454479e-05,0.00014510609616991132,0.011233597993850708,0.6619558272432463,11,30.0,2,1,llama8b_not,not,no
44,0.5106382978723405,2.1032921722508036e-05,3.1179948564385995e-05,0.005621719174087048,0.7058988155961947,12,33.0,2,1,llama8b_not,not,no
45,0.5265957446808511,2.016893631662242e-05,3.3345895644742996e-05,0.006013283971697092,0.7016807096711011,13,36.0,2,1,llama8b_not,not,no
46,0.5212765957446809,3.639292117441073e-05,6.295942148426548e-05,0.008328455500304699,0.665840092457942,14,39.0,2,1,llama8b_not,not,no
47,0.5053191489361701,6.771283369744197e-05,0.00010017943714046851,0.012423209846019745,0.6831376052300329,15,42.0,2,1,llama8b_not,not,no
48,0.5159574468085106,8.743976650293916e-05,9.179752669297159e-05,0.010881911963224411,0.6765172324773346,16,45.0,3,1,llama8b_not,not,no
49,0.5,0.000603273743763566,0.0007327297353185713,0.021888792514801025,0.7069321032644409,17,48.0,3,1,llama8b_not,not,no
50,0.5,0.0002479515678714961,0.000281272194115445,0.020800020545721054,0.6638999417595302,18,52.0,3,1,llama8b_not,not,no
51,0.7021276595744681,0.11575432121753693,0.15230624377727509,0.2747022807598114,0.6106982996889064,19,55.0,3,2,llama8b_not,not,no
52,0.75,0.13853804767131805,0.19445198774337769,0.37487611174583435,0.6480352467041121,20,58.0,3,3,llama8b_not,not,no
53,0.7765957446808511,0.11693383753299713,0.14563336968421936,0.38829973340034485,0.6423855980378167,21,61.0,3,3,llama8b_not,not,no
54,0.7393617021276595,0.15694010257720947,0.2049400508403778,0.49885255098342896,0.6638056173935251,22,64.0,3,2,llama8b_not,not,no
55,0.7446808510638299,0.1610814332962036,0.21455709636211395,0.45170530676841736,0.6721618212481254,23,67.0,3,2,llama8b_not,not,no
56,0.7393617021276596,0.19917620718479156,0.2662798762321472,0.4693824052810669,0.6959132749883369,24,70.0,4,2,llama8b_not,not,no
57,0.7553191489361702,0.1995730847120285,0.26225340366363525,0.47445419430732727,0.6318042736706019,25,73.0,4,3,llama8b_not,not,no
58,0.75,0.17148995399475098,0.27121156454086304,0.5019484162330627,0.6280353271746898,26,76.0,4,3,llama8b_not,not,no
59,0.7606382978723404,0.14298008382320404,0.266918808221817,0.506284236907959,0.6318067976316285,27,79.0,4,3,llama8b_not,not,no
60,0.7021276595744681,0.2349991500377655,0.472022145986557,0.6679589152336121,0.6990382600460544,28,82.0,4,2,llama8b_not,not,no
61,0.7287234042553192,0.22832483053207397,0.31613826751708984,0.5865366458892822,0.6454954739618401,29,85.0,4,2,llama8b_not,not,no
62,0.7446808510638299,0.15067341923713684,0.27937620878219604,0.46724340319633484,0.6797196474311136,30,88.0,4,2,llama8b_not,not,no
63,0.7287234042553192,0.15242642164230347,0.22531114518642426,0.43127134442329407,0.6896689965421186,31,91.0,4,2,llama8b_not,not,no
64,0.7606382978723404,0.13238607347011566,0.39635419845581055,0.542443573474884,0.6753718273199971,32,94.0,4,3,llama8b_not,not,no
65,0.7340425531914894,0.20243465900421143,0.33572953939437866,0.5463619828224182,0.6953936754190243,33,97.0,4,2,llama8b_not,not,no
66,0.5381526104417671,0.0,0.0,0.3200344443321228,0.5098977307419637,1,0.0,1,1,llama8b_mixed,orig,no
67,0.5341365461847389,0.6802954077720642,0.7526388168334961,0.8419276475906372,0.6924350795696497,2,3.0,1,1,llama8b_mixed,orig,no
68,0.5381526104417671,0.7444972395896912,0.8047199845314026,0.8915892839431763,0.6972014915732354,3,6.0,1,1,llama8b_mixed,orig,no
69,0.6265060240963856,0.2715355157852173,0.45372799038887024,0.6448076963424683,0.7013122742903071,4,9.0,1,2,llama8b_mixed,orig,no
70,0.6626506024096386,0.054849475622177124,0.08175384998321533,0.36004000902175903,0.7031335217448504,5,12.0,1,2,llama8b_mixed,orig,no
71,0.6706827309236948,0.06219863146543503,0.08841253817081451,0.24458663165569305,0.5833878750028632,6,15.0,1,2,llama8b_mixed,orig,no
72,0.6827309236947792,0.029858838766813278,0.04023168981075287,0.2751357853412628,0.6970790177686339,7,18.0,1,2,llama8b_mixed,orig,no
73,0.6586345381526104,0.04337036609649658,0.06551017612218857,0.24657340347766876,0.6524257301759989,8,21.0,2,2,llama8b_mixed,orig,no
74,0.6546184738955824,0.03620355203747749,0.05792650207877159,0.2772354185581207,0.6780087080121727,9,24.0,2,2,llama8b_mixed,orig,no
75,0.6586345381526104,0.04013987258076668,0.07148416340351105,0.24057605862617493,0.6913161512900994,10,27.0,2,2,llama8b_mixed,orig,no
76,0.6546184738955823,0.03650624305009842,0.08517876267433167,0.22736313939094543,0.6970140382838012,11,30.0,2,2,llama8b_mixed,orig,no
77,0.6626506024096386,0.03795815631747246,0.04561430588364601,0.2663176655769348,0.683123218108536,12,33.0,2,2,llama8b_mixed,orig,no
78,0.6706827309236948,0.04926639795303345,0.05061173439025879,0.17252817749977112,0.6658345370623957,13,36.0,2,2,llama8b_mixed,orig,no
79,0.9397590361445783,0.07914435118436813,0.1656607687473297,0.35211506485939026,0.661712068472426,14,39.0,2,4,llama8b_mixed,orig,no
80,0.9477911646586346,0.0707407146692276,0.14012597501277924,0.336641788482666,0.64638427112503,15,42.0,2,4,llama8b_mixed,orig,no
81,0.9518072289156626,0.03980494663119316,0.1297166347503662,0.3024858832359314,0.6396357399745132,16,45.0,3,4,llama8b_mixed,orig,no
82,0.9477911646586346,0.05987963080406189,0.14283792674541473,0.3382914364337921,0.6476660231365228,17,48.0,3,4,llama8b_mixed,orig,no
83,0.9477911646586346,0.03939817100763321,0.12728163599967957,0.40419942140579224,0.5231631220711801,18,52.0,3,4,llama8b_mixed,orig,no
84,0.9477911646586346,0.07296668738126755,0.1483691781759262,0.4124358892440796,0.6291916983059398,19,55.0,3,4,llama8b_mixed,orig,no
85,0.9397590361445783,0.10457912087440491,0.1408165693283081,0.3684910535812378,0.6630759346192315,20,58.0,3,4,llama8b_mixed,orig,no
86,0.9437751004016064,0.08709795773029327,0.15684065222740173,0.39207252860069275,0.6622375573939224,21,61.0,3,4,llama8b_mixed,orig,no
87,0.9236947791164658,0.12553119659423828,0.1996053010225296,0.46275848150253296,0.5581632540887577,22,64.0,3,4,llama8b_mixed,orig,no
88,0.927710843373494,0.09174176305532455,0.15939317643642426,0.38097450137138367,0.6427428650083867,23,67.0,3,4,llama8b_mixed,orig,no
89,0.8995983935742972,0.09682952612638474,0.19828110933303833,0.4582429826259613,0.6461980696003133,24,70.0,4,4,llama8b_mixed,orig,no
90,0.9116465863453815,0.0978347659111023,0.1956784725189209,0.4484385848045349,0.6485602150601695,25,73.0,4,4,llama8b_mixed,orig,no
91,0.9116465863453815,0.12677918374538422,0.19469565153121948,0.4241732060909271,0.6517557350563375,26,76.0,4,4,llama8b_mixed,orig,no
92,0.9156626506024097,0.09695115685462952,0.18197207152843475,0.43782156705856323,0.5505268090487181,27,79.0,4,4,llama8b_mixed,orig,no
93,0.8995983935742972,0.14685536921024323,0.23739314079284668,0.5361607670783997,0.6611210338305256,28,82.0,4,4,llama8b_mixed,orig,no
94,0.9076305220883534,0.08642806857824326,0.20933561027050018,0.4864189624786377,0.5546605338101153,29,85.0,4,4,llama8b_mixed,orig,no
95,0.8955823293172691,0.18584385514259338,0.22670333087444305,0.4851278066635132,0.5803539072525555,30,88.0,4,4,llama8b_mixed,orig,no
96,0.891566265060241,0.14094959199428558,0.20156589150428772,0.4755082130432129,0.6642175157623212,31,91.0,4,4,llama8b_mixed,orig,no
97,0.8955823293172691,0.13745254278182983,0.18716199696063995,0.5260152816772461,0.6609676146089419,32,94.0,4,4,llama8b_mixed,orig,no
98,0.8714859437751004,0.13796639442443848,0.24189536273479462,0.5517618656158447,0.5853963726313157,33,97.0,4,3,llama8b_mixed,orig,no
99,0.5478723404255319,0.0,0.0,0.3200370967388153,0.5098974035082158,1,0.0,1,1,llama8b-it_ttt,ttt,yes
100,0.5265957446808511,0.7527498006820679,0.76286381483078,0.8689147233963013,0.7010093749121966,2,3.0,1,1,llama8b-it_ttt,ttt,yes
101,0.5425531914893618,0.625879168510437,0.6317116022109985,0.7716271281242371,0.6989667255945494,3,6.0,1,1,llama8b-it_ttt,ttt,yes
102,0.5797872340425532,0.5731419324874878,0.6316282749176025,0.7604392170906067,0.704528386254603,4,9.0,1,1,llama8b-it_ttt,ttt,yes
103,0.5053191489361702,0.0005758315091952682,0.0005758315091952682,0.03413147106766701,0.8584487017131791,5,12.0,1,1,llama8b-it_ttt,ttt,yes
104,0.574468085106383,0.7531290054321289,0.850989818572998,0.9080944657325745,0.7048539038712118,6,15.0,1,1,llama8b-it_ttt,ttt,yes
105,0.5106382978723405,0.00025301548885181546,0.00025301548885181546,0.024204179644584656,0.12013827044287927,7,18.0,1,1,llama8b-it_ttt,ttt,yes
106,0.5797872340425532,0.7488808631896973,0.8593854904174805,0.9222955703735352,0.7066512732029567,8,21.0,2,1,llama8b-it_ttt,ttt,yes
107,0.5106382978723404,0.0001755187549861148,0.00017565261805430055,0.01753930002450943,0.660927477787541,9,24.0,2,1,llama8b-it_ttt,ttt,yes
108,0.5691489361702128,0.7425162196159363,0.8964567184448242,0.9348834156990051,0.7067890692259453,10,27.0,2,1,llama8b-it_ttt,ttt,yes
109,0.5053191489361701,0.0003851517103612423,0.0003851517103612423,0.028405457735061646,0.6290816595359084,11,30.0,2,1,llama8b-it_ttt,ttt,yes
110,0.5212765957446809,0.000588339171372354,0.000588339171372354,0.027136366814374924,0.9185588113592102,12,33.0,2,1,llama8b-it_ttt,ttt,yes
111,0.5851063829787234,0.7716006636619568,0.9485156536102295,0.9808292388916016,0.7063545703952565,13,36.0,2,1,llama8b-it_ttt,ttt,yes
112,0.6223404255319149,0.737245500087738,0.9315845966339111,0.9657787084579468,0.7052537479771719,14,39.0,2,1,llama8b-it_ttt,ttt,yes
113,0.6382978723404256,0.801936149597168,0.8902859687805176,0.9733861684799194,0.7067882779455091,15,42.0,2,2,llama8b-it_ttt,ttt,yes
114,0.6276595744680851,0.7143600583076477,0.7352178692817688,0.8454499840736389,0.7063746069237156,16,45.0,3,2,llama8b-it_ttt,ttt,yes
115,0.6329787234042553,0.6229654550552368,0.7757015228271484,0.9285309910774231,0.7029272106857377,17,48.0,3,2,llama8b-it_ttt,ttt,yes
116,0.6329787234042553,0.6116290092468262,0.7730194330215454,0.8699582815170288,0.7047592942825558,18,52.0,3,2,llama8b-it_ttt,ttt,yes
117,0.6648936170212766,0.7005524039268494,0.7562627792358398,0.8698816299438477,0.7021414351469512,19,55.0,3,2,llama8b-it_ttt,ttt,yes
118,0.648936170212766,0.5802886486053467,0.7199597358703613,0.8784385323524475,0.7058323909931512,20,58.0,3,2,llama8b-it_ttt,ttt,yes
119,0.648936170212766,0.5254366397857666,0.72454833984375,0.8623326420783997,0.7048009386215222,21,61.0,3,2,llama8b-it_ttt,ttt,yes
120,0.648936170212766,0.44999960064888,0.69989013671875,0.9169390797615051,0.7043312270409082,22,64.0,3,2,llama8b-it_ttt,ttt,yes
121,0.6382978723404256,0.5061339139938354,0.7647757530212402,0.8974248170852661,0.7055901219286372,23,67.0,3,2,llama8b-it_ttt,ttt,yes
122,0.6382978723404256,0.4633515477180481,0.6715645790100098,0.882892370223999,0.7057594763699783,24,70.0,4,2,llama8b-it_ttt,ttt,yes
123,0.6382978723404256,0.44777780771255493,0.6745985746383667,0.8679705858230591,0.7060085984544057,25,73.0,4,2,llama8b-it_ttt,ttt,yes
124,0.6382978723404256,0.30606529116630554,0.5721288919448853,0.7450547218322754,0.6794515352471097,26,76.0,4,2,llama8b-it_ttt,ttt,yes
125,0.6382978723404256,0.500636100769043,0.6833493709564209,0.8580636382102966,0.7059413236542174,27,79.0,4,2,llama8b-it_ttt,ttt,yes
126,0.6329787234042553,0.4427383542060852,0.7407071590423584,0.8592272400856018,0.7053523670644635,28,82.0,4,2,llama8b-it_ttt,ttt,yes
127,0.6382978723404256,0.38766446709632874,0.6455031037330627,0.8740563988685608,0.7056431171813203,29,85.0,4,2,llama8b-it_ttt,ttt,yes
128,0.6329787234042553,0.3663552403450012,0.7252843379974365,0.8393620848655701,0.7053273218089199,30,88.0,4,2,llama8b-it_ttt,ttt,yes
129,0.6276595744680851,0.3496057093143463,0.6593576669692993,0.7557930946350098,0.7044553804351021,31,91.0,4,2,llama8b-it_ttt,ttt,yes
130,0.6329787234042553,0.38750964403152466,0.46468478441238403,0.6934731602668762,0.6728444831438916,32,94.0,4,2,llama8b-it_ttt,ttt,yes
131,0.5425531914893618,0.004090690985321999,0.004871946759521961,0.08214487135410309,0.700151832237614,33,97.0,4,1,llama8b-it_ttt,ttt,yes
132,0.5478723404255319,0.0,0.0,0.3200370967388153,0.5098974035082158,1,0.0,1,1,llama8b-it_not,not,yes
133,0.5851063829787234,0.3483220636844635,0.35630276799201965,0.5450437664985657,0.6998068971953525,2,3.0,1,1,llama8b-it_not,not,yes
134,0.5319148936170213,0.670911431312561,0.7193107008934021,0.8310461640357971,0.6922022953930422,3,6.0,1,1,llama8b-it_not,not,yes
135,0.526595744680851,0.0020872934255748987,0.002839277498424053,0.05189337581396103,0.7022334138763575,4,9.0,1,1,llama8b-it_not,not,yes
136,0.5159574468085106,0.00018703268142417073,0.0002549394266679883,0.024155670776963234,0.6883040567045022,5,12.0,1,1,llama8b-it_not,not,yes
137,0.5159574468085106,0.00035679517895914614,0.0004862913046963513,0.025855476036667824,0.6955375153694938,6,15.0,1,1,llama8b-it_not,not,yes
138,0.5212765957446809,0.0002168643695767969,0.00025349706993438303,0.017645129933953285,0.7043915125826287,7,18.0,1,1,llama8b-it_not,not,yes
139,0.5212765957446808,6.982695776969194e-05,7.401991751976311e-05,0.008019233122467995,0.5962988570215627,8,21.0,2,1,llama8b-it_not,not,yes
140,0.5265957446808511,5.6763121392577887e-05,6.426442269003019e-05,0.006514573469758034,0.6593510068229901,9,24.0,2,1,llama8b-it_not,not,yes
141,0.5159574468085106,2.2240896214498207e-05,2.27981545322109e-05,0.0031169988214969635,0.7019978880239522,10,27.0,2,1,llama8b-it_not,not,yes
142,0.5159574468085106,2.7105117624159902e-05,3.3369615266565233e-05,0.006801757030189037,0.6871753320342494,11,30.0,2,1,llama8b-it_not,not,yes
143,0.5106382978723404,2.701570701901801e-05,3.3101056033046916e-05,0.005507270339876413,0.6997933182604349,12,33.0,2,1,llama8b-it_not,not,yes
144,0.5212765957446808,2.56838775385404e-05,2.7750864319386892e-05,0.0047014737501740456,0.6831326255489025,13,36.0,2,1,llama8b-it_not,not,yes
145,0.5106382978723405,5.039133975515142e-05,5.713340942747891e-05,0.007394970860332251,0.7015673694614579,14,39.0,2,1,llama8b-it_not,not,yes
146,0.5106382978723404,6.626136746490374e-05,7.807202928233892e-05,0.011681422591209412,0.6784316620724089,15,42.0,2,1,llama8b-it_not,not,yes
147,0.9148936170212766,0.07025791704654694,0.1534241884946823,0.2605075240135193,0.6568985877305481,16,45.0,3,4,llama8b-it_not,not,yes
148,0.9148936170212766,0.054526906460523605,0.12309667468070984,0.35516929626464844,0.5769537961000113,17,48.0,3,4,llama8b-it_not,not,yes
149,0.5053191489361702,0.00011710546823451295,0.00022853082919027656,0.024074669927358627,0.675420260984714,18,52.0,3,1,llama8b-it_not,not,yes
150,0.9095744680851063,0.06926330178976059,0.1741948127746582,0.3777903616428375,0.5224608026282012,19,55.0,3,4,llama8b-it_not,not,yes
151,0.8936170212765957,0.06517816334962845,0.15362274646759033,0.3735974431037903,0.65956780393196,20,58.0,3,4,llama8b-it_not,not,yes
152,0.9042553191489362,0.05044980347156525,0.1334502249956131,0.4021863341331482,0.5158261204374178,21,61.0,3,4,llama8b-it_not,not,yes
153,0.7446808510638298,0.18545690178871155,0.22960235178470612,0.5750131011009216,0.706705546737898,22,64.0,3,2,llama8b-it_not,not,yes
154,0.8936170212765957,0.06615100800991058,0.1482321321964264,0.4022522270679474,0.5333355312286934,23,67.0,3,4,llama8b-it_not,not,yes
155,0.9095744680851063,0.05148874968290329,0.1350683867931366,0.4137357175350189,0.6296911708048815,24,70.0,4,4,llama8b-it_not,not,yes
156,0.7553191489361702,0.22531059384346008,0.2855617105960846,0.5544402599334717,0.7053986867284093,25,73.0,4,3,llama8b-it_not,not,yes
157,0.7553191489361702,0.21031922101974487,0.28427842259407043,0.5466955304145813,0.7058291933141376,26,76.0,4,3,llama8b-it_not,not,yes
158,0.898936170212766,0.05195312201976776,0.1699383556842804,0.3879949450492859,0.6621371373782666,27,79.0,4,4,llama8b-it_not,not,yes
159,0.7606382978723404,0.2056337296962738,0.3497037887573242,0.5802107453346252,0.6292505893881086,28,82.0,4,3,llama8b-it_not,not,yes
160,0.8936170212765957,0.09020161628723145,0.21810248494148254,0.37708762288093567,0.5508384571216473,29,85.0,4,4,llama8b-it_not,not,yes
161,0.8776595744680851,0.06960304826498032,0.2584851384162903,0.40735897421836853,0.5609233308449246,30,88.0,4,4,llama8b-it_not,not,yes
162,0.7819148936170213,0.15510162711143494,0.32059746980667114,0.6834335327148438,0.6965181855817488,31,91.0,4,3,llama8b-it_not,not,yes
163,0.8617021276595744,0.12698498368263245,0.2835872769355774,0.4451009929180145,0.5864441348346102,32,94.0,4,3,llama8b-it_not,not,yes
164,0.8776595744680851,0.0822259932756424,0.21231147646903992,0.40473049879074097,0.5476972311889284,33,97.0,4,4,llama8b-it_not,not,yes
165,0.5381526104417671,0.0,0.0,0.3200344443321228,0.5098977307419637,1,0.0,1,1,llama8b-it_mixed,orig,yes
166,0.5742971887550201,0.6046442985534668,0.6160958409309387,0.7534816265106201,0.6721864865052236,2,3.0,1,1,llama8b-it_mixed,orig,yes
167,0.6706827309236948,0.3365696370601654,0.3672751188278198,0.5495172142982483,0.6992397649745244,3,6.0,1,2,llama8b-it_mixed,orig,yes
168,0.6305220883534137,0.2554034888744354,0.36786264181137085,0.6109627485275269,0.705701268875673,4,9.0,1,2,llama8b-it_mixed,orig,yes
169,0.6746987951807228,0.03600300848484039,0.04231042414903641,0.30412396788597107,0.7065683759971217,5,12.0,1,2,llama8b-it_mixed,orig,yes
170,0.678714859437751,0.024579301476478577,0.04691503569483757,0.24335932731628418,0.46889086229646665,6,15.0,1,2,llama8b-it_mixed,orig,yes
171,0.6746987951807228,0.04064752534031868,0.04633527994155884,0.2695848345756531,0.7060724166815318,7,18.0,1,2,llama8b-it_mixed,orig,yes
172,0.6746987951807228,0.035345952957868576,0.06530250608921051,0.2781725525856018,0.5581167920717595,8,21.0,2,2,llama8b-it_mixed,orig,yes
173,0.6626506024096386,0.017993781715631485,0.046337395906448364,0.17963862419128418,0.6971254094766455,9,24.0,2,2,llama8b-it_mixed,orig,yes
174,0.6666666666666667,0.016924777999520302,0.05328898876905441,0.20588378608226776,0.5839566677879263,10,27.0,2,2,llama8b-it_mixed,orig,yes
175,0.6586345381526104,0.019460072740912437,0.0352204255759716,0.21014684438705444,0.6566606273756214,11,30.0,2,2,llama8b-it_mixed,orig,yes
176,0.6666666666666667,0.015702201053500175,0.021803388372063637,0.178042933344841,0.5871863811337132,12,33.0,2,2,llama8b-it_mixed,orig,yes
177,0.9116465863453815,0.10701461136341095,0.18586324155330658,0.3764669895172119,0.656343192646612,13,36.0,2,4,llama8b-it_mixed,orig,yes
178,0.9357429718875502,0.06837935745716095,0.13590675592422485,0.4192879796028137,0.5247428458955006,14,39.0,2,4,llama8b-it_mixed,orig,yes
179,0.9518072289156626,0.046475671231746674,0.1484268754720688,0.4113849401473999,0.5061319817071889,15,42.0,2,4,llama8b-it_mixed,orig,yes
180,0.963855421686747,0.0517096184194088,0.12034255266189575,0.47737908363342285,0.5058861401591009,16,45.0,3,4,llama8b-it_mixed,orig,yes
181,0.963855421686747,0.04309256747364998,0.12617190182209015,0.41015946865081787,0.5035086377927844,17,48.0,3,4,llama8b-it_mixed,orig,yes
182,0.9598393574297188,0.023055022582411766,0.09492746740579605,0.34532424807548523,0.6280692685098014,18,52.0,3,4,llama8b-it_mixed,orig,yes
183,0.9558232931726908,0.040298137813806534,0.10476309061050415,0.4170849919319153,0.5264887186745142,19,55.0,3,4,llama8b-it_mixed,orig,yes
184,0.9678714859437751,0.07137317210435867,0.11018449068069458,0.34163808822631836,0.6262824432533036,20,58.0,3,4,llama8b-it_mixed,orig,yes
185,0.963855421686747,0.0735640600323677,0.1349293738603592,0.35917699337005615,0.6355843377555614,21,61.0,3,4,llama8b-it_mixed,orig,yes
186,0.963855421686747,0.08562978357076645,0.146580770611763,0.34037351608276367,0.6342794030352435,22,64.0,3,4,llama8b-it_mixed,orig,yes
187,0.963855421686747,0.05381346121430397,0.10118181258440018,0.39749300479888916,0.5344203235448237,23,67.0,3,4,llama8b-it_mixed,orig,yes
188,0.9678714859437751,0.07006176561117172,0.12771236896514893,0.33125799894332886,0.6320158184956146,24,70.0,4,4,llama8b-it_mixed,orig,yes
189,0.963855421686747,0.05803548917174339,0.14848364889621735,0.3736891448497772,0.6309204503529153,25,73.0,4,4,llama8b-it_mixed,orig,yes
190,0.9718875502008032,0.06415620446205139,0.11092325299978256,0.3717534840106964,0.5358956858893793,26,76.0,4,4,llama8b-it_mixed,orig,yes
191,0.963855421686747,0.08130335062742233,0.14016292989253998,0.36661478877067566,0.6255317468577255,27,79.0,4,4,llama8b-it_mixed,orig,yes
192,0.9518072289156626,0.0797797292470932,0.1361108273267746,0.39617806673049927,0.6338106310255837,28,82.0,4,4,llama8b-it_mixed,orig,yes
193,0.9558232931726908,0.09166614711284637,0.13990482687950134,0.42693763971328735,0.6336881919454721,29,85.0,4,4,llama8b-it_mixed,orig,yes
194,0.9397590361445783,0.08897612988948822,0.1655617505311966,0.36710625886917114,0.6319012263994742,30,88.0,4,4,llama8b-it_mixed,orig,yes
195,0.9397590361445783,0.09639619290828705,0.14348413050174713,0.3548126816749573,0.6226889523927861,31,91.0,4,4,llama8b-it_mixed,orig,yes
196,0.9477911646586346,0.09142414480447769,0.13601672649383545,0.3816327452659607,0.623970480794257,32,94.0,4,4,llama8b-it_mixed,orig,yes
197,0.9477911646586346,0.07876186817884445,0.1423507183790207,0.44542497396469116,0.5350036513307868,33,97.0,4,4,llama8b-it_mixed,orig,yes
198,0.5478723404255319,0.0,0.0,0.3200370967388153,0.5098974035082158,1,0.0,1,1,llama8b_guard_ttt,ttt,yes
199,0.5,0.8540093302726746,0.8540093302726746,0.9138513207435608,0.6987728523129816,2,3.0,1,1,llama8b_guard_ttt,ttt,yes
200,0.5106382978723405,0.845519483089447,0.845519483089447,0.9104752540588379,0.6983024430209398,3,6.0,1,1,llama8b_guard_ttt,ttt,yes
201,0.5106382978723405,0.8561500310897827,0.8561500310897827,0.911781907081604,0.6986317100782722,4,9.0,1,1,llama8b_guard_ttt,ttt,yes
202,0.5106382978723405,0.8497579097747803,0.8497579097747803,0.9217755198478699,0.6988224433610898,5,12.0,1,1,llama8b_guard_ttt,ttt,yes
203,0.5106382978723405,0.8443213701248169,0.8443213701248169,0.9191978573799133,0.6988997925944694,6,15.0,1,1,llama8b_guard_ttt,ttt,yes
204,0.5106382978723405,0.8371379375457764,0.8382799625396729,0.9072591662406921,0.6982817391094164,7,18.0,1,1,llama8b_guard_ttt,ttt,yes
205,0.5106382978723404,0.7852351665496826,0.8183841705322266,0.8879338502883911,0.6643749493792853,8,21.0,2,1,llama8b_guard_ttt,ttt,yes
206,0.5106382978723405,0.7520266771316528,0.7831442952156067,0.8782460689544678,0.6952042821386708,9,24.0,2,1,llama8b_guard_ttt,ttt,yes
207,0.5319148936170213,0.5985932350158691,0.8542325496673584,0.9414488673210144,0.6958480603952675,10,27.0,2,1,llama8b_guard_ttt,ttt,yes
208,0.6117021276595744,0.3355713486671448,0.5427349209785461,0.7330104112625122,0.7067147396480606,11,30.0,2,1,llama8b_guard_ttt,ttt,yes
209,0.5638297872340425,0.6902446746826172,0.9419375658035278,0.9802969694137573,0.7030935474290183,12,33.0,2,1,llama8b_guard_ttt,ttt,yes
210,0.5106382978723404,0.00043980995542369783,0.00043980995542369783,0.023261532187461853,0.8371501764598841,13,36.0,2,1,llama8b_guard_ttt,ttt,yes
211,0.5265957446808511,0.0008075454970821738,0.0008075454970821738,0.02571682073175907,0.6704344889529408,14,39.0,2,1,llama8b_guard_ttt,ttt,yes
212,0.6542553191489362,0.412977010011673,0.5260125994682312,0.6823203563690186,0.6919924715661813,15,42.0,2,2,llama8b_guard_ttt,ttt,yes
213,0.6542553191489362,0.4509754776954651,0.566321611404419,0.7291767597198486,0.6996629571726687,16,45.0,3,2,llama8b_guard_ttt,ttt,yes
214,0.648936170212766,0.3826126158237457,0.5800633430480957,0.7561722993850708,0.6856292272604003,17,48.0,3,2,llama8b_guard_ttt,ttt,yes
215,0.648936170212766,0.2887040078639984,0.6800446510314941,0.7517286539077759,0.6832707539075085,18,52.0,3,2,llama8b_guard_ttt,ttt,yes
216,0.6808510638297872,0.47581201791763306,0.5553808212280273,0.7767256498336792,0.6898047839164998,19,55.0,3,2,llama8b_guard_ttt,ttt,yes
217,0.6648936170212766,0.41272953152656555,0.6079736351966858,0.7226816415786743,0.682919522965353,20,58.0,3,2,llama8b_guard_ttt,ttt,yes
218,0.6914893617021277,0.3669276237487793,0.516051709651947,0.6720798015594482,0.6758763379653493,21,61.0,3,2,llama8b_guard_ttt,ttt,yes
219,0.6648936170212766,0.44076186418533325,0.6459831595420837,0.7958024740219116,0.7063136275959738,22,64.0,3,2,llama8b_guard_ttt,ttt,yes
220,0.6808510638297872,0.418033629655838,0.6358742713928223,0.7403246760368347,0.7060868526119857,23,67.0,3,2,llama8b_guard_ttt,ttt,yes
221,0.6117021276595744,0.4774026572704315,0.6566671133041382,0.847109317779541,0.7041854779302602,24,70.0,4,1,llama8b_guard_ttt,ttt,yes
222,0.6861702127659575,0.4222943186759949,0.6345099210739136,0.747935950756073,0.7067566380587552,25,73.0,4,2,llama8b_guard_ttt,ttt,yes
223,0.6808510638297872,0.41255730390548706,0.5813162326812744,0.7290341854095459,0.7064676690276985,26,76.0,4,2,llama8b_guard_ttt,ttt,yes
224,0.6595744680851063,0.4838634729385376,0.6046737432479858,0.7924938797950745,0.7039122900407012,27,79.0,4,2,llama8b_guard_ttt,ttt,yes
225,0.6808510638297872,0.49281662702560425,0.6072898507118225,0.7122948169708252,0.7058244703179204,28,82.0,4,2,llama8b_guard_ttt,ttt,yes
226,0.6914893617021276,0.42312151193618774,0.5591318607330322,0.7467241883277893,0.7060075082305248,29,85.0,4,2,llama8b_guard_ttt,ttt,yes
227,0.6702127659574468,0.42741191387176514,0.6029903888702393,0.7448627948760986,0.7049103632078926,30,88.0,4,2,llama8b_guard_ttt,ttt,yes
228,0.6542553191489362,0.3829638957977295,0.5855954885482788,0.7157906293869019,0.7044021749134901,31,91.0,4,2,llama8b_guard_ttt,ttt,yes
229,0.6808510638297872,0.298250287771225,0.4910268783569336,0.729472279548645,0.7056817000900988,32,94.0,4,2,llama8b_guard_ttt,ttt,yes
230,0.6702127659574468,0.2260802686214447,0.4620051085948944,0.7291584014892578,0.7039106255191149,33,97.0,4,2,llama8b_guard_ttt,ttt,yes
231,0.5478723404255319,0.0,0.0,0.3200370967388153,0.5098974035082158,1,0.0,1,1,llama8b_guard_not,not,yes
232,0.5212765957446809,0.8520803451538086,0.8520803451538086,0.909033477306366,0.6629723615473965,2,3.0,1,1,llama8b_guard_not,not,yes
233,0.5106382978723405,0.8432897925376892,0.8432897925376892,0.9079896211624146,0.6982978572756966,3,6.0,1,1,llama8b_guard_not,not,yes
234,0.5106382978723405,0.8551547527313232,0.8551547527313232,0.9096452593803406,0.6990488413165421,4,9.0,1,1,llama8b_guard_not,not,yes
235,0.5106382978723404,0.853050708770752,0.853050708770752,0.9114512801170349,0.668127653001498,5,12.0,1,1,llama8b_guard_not,not,yes
236,0.5106382978723404,0.847158670425415,0.847158670425415,0.9102767109870911,0.6673659799716737,6,15.0,1,1,llama8b_guard_not,not,yes
237,0.5106382978723405,0.8147281408309937,0.8258200287818909,0.9020851254463196,0.6979552884750702,7,18.0,1,1,llama8b_guard_not,not,yes
238,0.5106382978723404,0.7895193099975586,0.8057820796966553,0.8791064023971558,0.6599940832413163,8,21.0,2,1,llama8b_guard_not,not,yes
239,0.5212765957446808,8.885506395017728e-05,0.00013187383592594415,0.011755174025893211,0.5904765584881732,9,24.0,2,1,llama8b_guard_not,not,yes
240,0.526595744680851,9.444391616852954e-05,0.00011454360355855897,0.007611199282109737,0.7072206721068669,10,27.0,2,1,llama8b_guard_not,not,yes
241,0.5159574468085106,0.00010416604345664382,0.0001137779327109456,0.011578505858778954,0.6750551708362624,11,30.0,2,1,llama8b_guard_not,not,yes
242,0.5,0.00014361298235598952,0.0002170911175198853,0.011104793287813663,0.701105236157856,12,33.0,2,1,llama8b_guard_not,not,yes
243,0.5053191489361702,0.00010049138654721901,0.00017581145220901817,0.010639078915119171,0.6787672191984384,13,36.0,2,1,llama8b_guard_not,not,yes
244,0.5053191489361701,9.559558384353295e-05,0.00025177138741128147,0.010675107128918171,0.6895046065907136,14,39.0,2,1,llama8b_guard_not,not,yes
245,0.5053191489361702,0.00023895454069133848,0.0003105750656686723,0.018072424456477165,0.696493148078192,15,42.0,2,1,llama8b_guard_not,not,yes
246,0.5053191489361701,0.00020735473663080484,0.0002958127297461033,0.021273760125041008,0.6822862023092767,16,45.0,3,1,llama8b_guard_not,not,yes
247,0.5053191489361702,0.0005351833533495665,0.0008574899402447045,0.028488440439105034,0.6918069281290102,17,48.0,3,1,llama8b_guard_not,not,yes
248,0.5,0.0005786055698990822,0.0007411502883769572,0.023445799946784973,0.6946206307421579,18,52.0,3,1,llama8b_guard_not,not,yes
249,0.8936170212765957,0.08772595226764679,0.15416546165943146,0.3802160918712616,0.5204965953186974,19,55.0,3,4,llama8b_guard_not,not,yes
250,0.9042553191489362,0.07837530970573425,0.1580122709274292,0.3788268566131592,0.6358257795316602,20,58.0,3,4,llama8b_guard_not,not,yes
251,0.75,0.12460903078317642,0.1424415111541748,0.2766159474849701,0.5557206279661231,21,61.0,3,3,llama8b_guard_not,not,yes
252,0.8882978723404256,0.05680205672979355,0.16459335386753082,0.4493926167488098,0.6161775030220061,22,64.0,3,4,llama8b_guard_not,not,yes
253,0.7553191489361702,0.20253212749958038,0.2150503396987915,0.4986860752105713,0.6862529255906428,23,67.0,3,3,llama8b_guard_not,not,yes
254,0.8936170212765957,0.0548543818295002,0.19424980878829956,0.42986828088760376,0.6252348387161167,24,70.0,4,4,llama8b_guard_not,not,yes
255,0.8882978723404256,0.05988885834813118,0.17486345767974854,0.4713999927043915,0.5836709595387941,25,73.0,4,4,llama8b_guard_not,not,yes
256,0.8776595744680851,0.05216361954808235,0.14389199018478394,0.4861527979373932,0.5770062754863434,26,76.0,4,4,llama8b_guard_not,not,yes
257,0.8936170212765957,0.06439536064863205,0.16686129570007324,0.3980809450149536,0.5797023119580096,27,79.0,4,4,llama8b_guard_not,not,yes
258,0.8936170212765957,0.05801872909069061,0.15573763847351074,0.48295366764068604,0.5705588326124726,28,82.0,4,4,llama8b_guard_not,not,yes
259,0.7553191489361702,0.1949496865272522,0.2277156561613083,0.4200628697872162,0.5908359536720743,29,85.0,4,3,llama8b_guard_not,not,yes
260,0.7819148936170213,0.1627441644668579,0.2447286993265152,0.4957592785358429,0.5869181965468789,30,88.0,4,3,llama8b_guard_not,not,yes
261,0.7659574468085106,0.14000137150287628,0.20881785452365875,0.47321856021881104,0.6453351120573165,31,91.0,4,3,llama8b_guard_not,not,yes
262,0.8936170212765957,0.07292389869689941,0.16873209178447723,0.43643200397491455,0.6306823327947532,32,94.0,4,4,llama8b_guard_not,not,yes
263,0.7606382978723404,0.15398429334163666,0.2133430540561676,0.486701637506485,0.639539091847008,33,97.0,4,3,llama8b_guard_not,not,yes
264,0.5381526104417671,0.0,0.0,0.3200344443321228,0.5098977307419637,1,0.0,1,1,llama8b_guard_mixed,orig,yes
265,0.5742971887550201,0.7405489683151245,0.7983590960502625,0.880967915058136,0.6671005773906967,2,3.0,1,1,llama8b_guard_mixed,orig,yes
266,0.5742971887550201,0.7793692946434021,0.8012533187866211,0.8875993490219116,0.6650356835429987,3,6.0,1,1,llama8b_guard_mixed,orig,yes
267,0.570281124497992,0.7231786251068115,0.8124517202377319,0.8914086818695068,0.6796394313144314,4,9.0,1,1,llama8b_guard_mixed,orig,yes
268,0.5983935742971888,0.38449132442474365,0.7135546803474426,0.8022451996803284,0.7054197436043668,5,12.0,1,1,llama8b_guard_mixed,orig,yes
269,0.6706827309236948,0.08270915597677231,0.12209272384643555,0.3288670778274536,0.7054124215314982,6,15.0,1,2,llama8b_guard_mixed,orig,yes
270,0.6746987951807228,0.039351481944322586,0.07479044049978256,0.31640109419822693,0.6962966283264519,7,18.0,1,2,llama8b_guard_mixed,orig,yes
271,0.6746987951807228,0.024755768477916718,0.08081687986850739,0.23903705179691315,0.683669756936401,8,21.0,2,2,llama8b_guard_mixed,orig,yes
272,0.6626506024096386,0.024524470791220665,0.07258012145757675,0.24410028755664825,0.6646925865978984,9,24.0,2,2,llama8b_guard_mixed,orig,yes
273,0.6626506024096386,0.031300049275159836,0.09560180455446243,0.17553813755512238,0.6953843238497283,10,27.0,2,2,llama8b_guard_mixed,orig,yes
274,0.6546184738955824,0.04399659484624863,0.09564492106437683,0.23649652302265167,0.6812091567413923,11,30.0,2,2,llama8b_guard_mixed,orig,yes
275,0.6626506024096386,0.04589955881237984,0.04970307648181915,0.30164653062820435,0.6646507137762657,12,33.0,2,2,llama8b_guard_mixed,orig,yes
276,0.9156626506024097,0.1046740785241127,0.13123644888401031,0.4172067642211914,0.5880762589501369,13,36.0,2,4,llama8b_guard_mixed,orig,yes
277,0.9477911646586346,0.06099669262766838,0.12599965929985046,0.40235838294029236,0.5289229746619967,14,39.0,2,4,llama8b_guard_mixed,orig,yes
278,0.963855421686747,0.044250018894672394,0.11791504919528961,0.43699267506599426,0.523476893567868,15,42.0,2,4,llama8b_guard_mixed,orig,yes
279,0.9678714859437751,0.052526719868183136,0.12472673505544662,0.44044986367225647,0.5338024469575889,16,45.0,3,4,llama8b_guard_mixed,orig,yes
280,0.9678714859437751,0.0381205752491951,0.10104480385780334,0.437133252620697,0.5159349804787623,17,48.0,3,4,llama8b_guard_mixed,orig,yes
281,0.9518072289156626,0.06241082400083542,0.11638043075799942,0.37319642305374146,0.6108170923354512,18,52.0,3,4,llama8b_guard_mixed,orig,yes
282,0.963855421686747,0.051518090069293976,0.10371951758861542,0.39184242486953735,0.5147348589017815,19,55.0,3,4,llama8b_guard_mixed,orig,yes
283,0.9558232931726908,0.04567999765276909,0.1247965544462204,0.4304616451263428,0.6221910490825452,20,58.0,3,4,llama8b_guard_mixed,orig,yes
284,0.9558232931726908,0.06761334836483002,0.1379602551460266,0.4325898289680481,0.625403775861329,21,61.0,3,4,llama8b_guard_mixed,orig,yes
285,0.9718875502008032,0.03695834428071976,0.11063717305660248,0.40278124809265137,0.5054977934981784,22,64.0,3,4,llama8b_guard_mixed,orig,yes
286,0.963855421686747,0.03820148482918739,0.10918315500020981,0.43538975715637207,0.5290119106575774,23,67.0,3,4,llama8b_guard_mixed,orig,yes
287,0.9558232931726908,0.03874022886157036,0.12818636000156403,0.4198964238166809,0.6382886447952874,24,70.0,4,4,llama8b_guard_mixed,orig,yes
288,0.9558232931726908,0.04266057908535004,0.1383616030216217,0.4592756927013397,0.527550896880876,25,73.0,4,4,llama8b_guard_mixed,orig,yes
289,0.9558232931726908,0.03264380991458893,0.1513746678829193,0.4312751293182373,0.6307275767117896,26,76.0,4,4,llama8b_guard_mixed,orig,yes
290,0.9558232931726908,0.02549421228468418,0.13185763359069824,0.4318089187145233,0.6122446364919102,27,79.0,4,4,llama8b_guard_mixed,orig,yes
291,0.9558232931726908,0.03611001372337341,0.13037122786045074,0.4027634859085083,0.6502057940532235,28,82.0,4,4,llama8b_guard_mixed,orig,yes
292,0.9558232931726908,0.026690857484936714,0.13614018261432648,0.4349699020385742,0.6247750823972795,29,85.0,4,4,llama8b_guard_mixed,orig,yes
293,0.9598393574297188,0.03328033536672592,0.11298045516014099,0.42528825998306274,0.5159771651793726,30,88.0,4,4,llama8b_guard_mixed,orig,yes
294,0.9598393574297188,0.054869864135980606,0.1151164099574089,0.4273689091205597,0.5293731605580008,31,91.0,4,4,llama8b_guard_mixed,orig,yes
295,0.963855421686747,0.06967809796333313,0.13964715600013733,0.4607340693473816,0.5298830701732661,32,94.0,4,4,llama8b_guard_mixed,orig,yes
296,0.9598393574297188,0.0509449765086174,0.16482563316822052,0.4480462074279785,0.5692639116378387,33,97.0,4,4,llama8b_guard_mixed,orig,yes
297,0.5478723404255319,0.0,0.0,0.32003387808799744,0.5098978008641644,1,0.0,1,1,gemma2b_ttt,ttt,no
298,0.5106382978723404,0.08808130025863647,0.11980836093425751,0.45970845222473145,0.5680885529302868,2,4.0,1,1,gemma2b_ttt,ttt,no
299,0.5478723404255319,0.07508673518896103,0.07508673518896103,0.3287019431591034,0.6370148896058532,3,7.0,1,1,gemma2b_ttt,ttt,no
300,0.5425531914893618,0.03792807087302208,0.03792807087302208,0.19837015867233276,0.6442077829632173,4,11.0,1,1,gemma2b_ttt,ttt,no
301,0.5851063829787234,0.397206574678421,0.6425526142120361,0.7836964726448059,0.675389383313634,5,15.0,1,1,gemma2b_ttt,ttt,no
302,0.5638297872340425,0.3480488657951355,0.46434640884399414,0.6666296124458313,0.702134043682798,6,19.0,2,1,gemma2b_ttt,ttt,no
303,0.5957446808510638,0.05066826194524765,0.05066826194524765,0.20781612396240234,0.7055603109682383,7,22.0,2,1,gemma2b_ttt,ttt,no
304,0.5691489361702128,0.027965432032942772,0.027965432032942772,0.15708844363689423,0.7064758874093218,8,26.0,2,1,gemma2b_ttt,ttt,no
305,0.5851063829787234,0.05941636860370636,0.07288046181201935,0.17843590676784515,0.6903695252801204,9,30.0,2,1,gemma2b_ttt,ttt,no
306,0.574468085106383,0.7746843099594116,0.874030590057373,0.9156155586242676,0.6989336282593456,10,33.0,2,1,gemma2b_ttt,ttt,no
307,0.574468085106383,0.827552318572998,0.868370771408081,0.9423059821128845,0.7047802460506948,11,37.0,2,1,gemma2b_ttt,ttt,no
308,0.5691489361702128,0.8221108913421631,0.9101311564445496,0.9683991074562073,0.7056857845544238,12,41.0,2,1,gemma2b_ttt,ttt,no
309,0.5691489361702128,0.7480998039245605,0.860552191734314,0.9634767174720764,0.7053471539755842,13,44.0,3,1,gemma2b_ttt,ttt,no
310,0.5638297872340425,0.8667949438095093,0.9262040257453918,0.9626557230949402,0.7018806761765793,14,48.0,3,1,gemma2b_ttt,ttt,no
311,0.5638297872340425,0.8686724901199341,0.9178882837295532,0.9740546345710754,0.7051801985895504,15,52.0,3,1,gemma2b_ttt,ttt,no
312,0.5585106382978724,0.7316277027130127,0.9102910161018372,0.9716201424598694,0.7044344615324316,16,56.0,3,1,gemma2b_ttt,ttt,no
313,0.5691489361702128,0.7397472858428955,0.8918153047561646,0.938569962978363,0.6931807881405407,17,59.0,3,1,gemma2b_ttt,ttt,no
314,0.5904255319148937,0.7847867608070374,0.8947282433509827,0.9629960656166077,0.7040002189202986,18,63.0,3,1,gemma2b_ttt,ttt,no
315,0.5904255319148937,0.6622657179832458,0.8371995687484741,0.9260185360908508,0.70390149387926,19,67.0,3,1,gemma2b_ttt,ttt,no
316,0.5957446808510638,0.5410315990447998,0.8286949992179871,0.9073878526687622,0.7028296948015761,20,70.0,4,1,gemma2b_ttt,ttt,no
317,0.574468085106383,0.6155691742897034,0.7660485506057739,0.8831369876861572,0.700426744857821,21,74.0,4,1,gemma2b_ttt,ttt,no
318,0.5319148936170213,0.2822585701942444,0.5624388456344604,0.778714656829834,0.6963330495309739,22,78.0,4,1,gemma2b_ttt,ttt,no
319,0.5265957446808511,0.22833025455474854,0.5161260366439819,0.7707602977752686,0.6848274736770149,23,81.0,4,1,gemma2b_ttt,ttt,no
320,0.6063829787234043,0.5491966605186462,0.6122851371765137,0.7716183662414551,0.6921613649107521,24,85.0,4,1,gemma2b_ttt,ttt,no
321,0.5531914893617021,0.4592294991016388,0.6619495749473572,0.8882607221603394,0.6960779754728217,25,89.0,4,1,gemma2b_ttt,ttt,no
322,0.5531914893617021,0.49296194314956665,0.7784981727600098,0.859210729598999,0.696619265755575,26,93.0,4,1,gemma2b_ttt,ttt,no
323,0.5638297872340425,0.4453527629375458,0.6012852787971497,0.8371136784553528,0.6986986696338591,27,96.0,4,1,gemma2b_ttt,ttt,no
324,0.5478723404255319,0.0,0.0,0.32003387808799744,0.5098978008641644,1,0.0,1,1,gemma2b_not,not,no
325,0.526595744680851,0.08998538553714752,0.11249857395887375,0.42878007888793945,0.570651803117432,2,4.0,1,1,gemma2b_not,not,no
326,0.5797872340425532,0.36735302209854126,0.3873547315597534,0.642851710319519,0.6162007174538651,3,7.0,1,1,gemma2b_not,not,no
327,0.5851063829787234,0.24352790415287018,0.30849283933639526,0.4872318506240845,0.702092385181172,4,11.0,1,1,gemma2b_not,not,no
328,0.5531914893617021,0.5010331273078918,0.5567371249198914,0.7425670027732849,0.6727363541837359,5,15.0,1,1,gemma2b_not,not,no
329,0.5797872340425532,0.4243028163909912,0.549365222454071,0.7421665191650391,0.6733810106337557,6,19.0,2,1,gemma2b_not,not,no
330,0.5372340425531915,0.00023102616250980645,0.00023102616250980645,0.015515357255935669,0.6976731537121942,7,22.0,2,1,gemma2b_not,not,no
331,0.5425531914893617,0.00027863634750247,0.0003305423306301236,0.017090588808059692,0.6969986809999925,8,26.0,2,1,gemma2b_not,not,no
332,0.5212765957446808,8.865716517902911e-05,8.865716517902911e-05,0.0080628776922822,0.6880997720823092,9,30.0,2,1,gemma2b_not,not,no
333,0.5106382978723404,9.948554361471906e-05,0.0001404354552505538,0.012963556684553623,0.7033770070675548,10,33.0,2,1,gemma2b_not,not,no
334,0.5053191489361701,0.00017895847850013524,0.00018990029639098793,0.006700471043586731,0.6749199431258917,11,37.0,2,1,gemma2b_not,not,no
335,0.5106382978723404,0.00012234965106472373,0.00016739004058763385,0.013382925651967525,0.7012182790690455,12,41.0,2,1,gemma2b_not,not,no
336,0.5053191489361701,9.105827484745532e-05,0.0002039106620941311,0.010029856115579605,0.6800399461112775,13,44.0,3,1,gemma2b_not,not,no
337,0.5159574468085106,0.00013999169459566474,0.00034554325975477695,0.017457911744713783,0.6946260114570756,14,48.0,3,1,gemma2b_not,not,no
338,0.5106382978723405,0.0002809609577525407,0.0005184048786759377,0.018010225147008896,0.6511907778386717,15,52.0,3,1,gemma2b_not,not,no
339,0.5159574468085106,0.0005427068681456149,0.0006467923521995544,0.02478431910276413,0.6920734109539686,16,56.0,3,1,gemma2b_not,not,no
340,0.5159574468085106,0.001151295262388885,0.0011626508785411716,0.029301755130290985,0.6447813123102913,17,59.0,3,1,gemma2b_not,not,no
341,0.5212765957446809,0.0012626636307686567,0.0016075089806690812,0.03734542056918144,0.6938803179285205,18,63.0,3,1,gemma2b_not,not,no
342,0.5106382978723404,0.0008953294018283486,0.0012424789601936936,0.037701498717069626,0.686864493489498,19,67.0,3,1,gemma2b_not,not,no
343,0.5159574468085106,0.0022510334383696318,0.004080598242580891,0.05728022754192352,0.7071522426275816,20,70.0,4,1,gemma2b_not,not,no
344,0.5106382978723405,0.0020240056328475475,0.0033692503347992897,0.05891996994614601,0.5900376391707439,21,74.0,4,1,gemma2b_not,not,no
345,0.5159574468085106,0.002802635543048382,0.003829456400126219,0.06441724300384521,0.6237592216014188,22,78.0,4,1,gemma2b_not,not,no
346,0.6223404255319149,0.23638932406902313,0.33139923214912415,0.5656743049621582,0.6826219344007959,23,81.0,4,1,gemma2b_not,not,no
347,0.6542553191489362,0.29081884026527405,0.39466363191604614,0.5898885130882263,0.6908536535473656,24,85.0,4,2,gemma2b_not,not,no
348,0.6382978723404256,0.2664574980735779,0.3386702835559845,0.5912867188453674,0.681858991812293,25,89.0,4,2,gemma2b_not,not,no
349,0.6329787234042553,0.17981404066085815,0.46957725286483765,0.7011085748672485,0.68772354921018,26,93.0,4,2,gemma2b_not,not,no
350,0.6329787234042553,0.15266169607639313,0.3837904632091522,0.6104254126548767,0.6804517911002878,27,96.0,4,2,gemma2b_not,not,no
351,0.5381526104417671,0.0,0.0,0.3200336694717407,0.5098978242382849,1,0.0,1,1,gemma2b_orig,orig,no
352,0.5903614457831325,0.08122573792934418,0.1135924831032753,0.4326951503753662,0.5610103843721702,2,4.0,1,1,gemma2b_orig,orig,no
353,0.5983935742971888,0.16751565039157867,0.2651805281639099,0.49246078729629517,0.6565125741702482,3,7.0,1,1,gemma2b_orig,orig,no
354,0.6224899598393574,0.24875281751155853,0.3354707360267639,0.5796018838882446,0.6892175844020862,4,11.0,1,1,gemma2b_orig,orig,no
355,0.6626506024096386,0.3062390387058258,0.4315277338027954,0.6325006484985352,0.6980135058930548,5,15.0,1,2,gemma2b_orig,orig,no
356,0.6385542168674698,0.2305627316236496,0.4621419310569763,0.6875756978988647,0.7017244385855386,6,19.0,2,2,gemma2b_orig,orig,no
357,0.6626506024096386,0.029740851372480392,0.04854455962777138,0.2602202296257019,0.6744522454003944,7,22.0,2,2,gemma2b_orig,orig,no
358,0.6666666666666667,0.03537470102310181,0.06385824084281921,0.19971024990081787,0.6461862464647654,8,26.0,2,2,gemma2b_orig,orig,no
359,0.6586345381526104,0.023020269349217415,0.045020077377557755,0.20894268155097961,0.6731982489193911,9,30.0,2,2,gemma2b_orig,orig,no
360,0.6706827309236948,0.02929416298866272,0.08506082743406296,0.25830838084220886,0.6770388418002105,10,33.0,2,2,gemma2b_orig,orig,no
361,0.6746987951807228,0.025800278410315514,0.07327134162187576,0.23452237248420715,0.6206323158333749,11,37.0,2,2,gemma2b_orig,orig,no
362,0.6706827309236948,0.025954419746994972,0.0726977288722992,0.22091349959373474,0.6286856516749115,12,41.0,2,2,gemma2b_orig,orig,no
363,0.6746987951807228,0.05698058009147644,0.0936601385474205,0.2757350206375122,0.6768497074637277,13,44.0,3,2,gemma2b_orig,orig,no
364,0.678714859437751,0.050297707319259644,0.08252362906932831,0.23669081926345825,0.600009783863766,14,48.0,3,2,gemma2b_orig,orig,no
365,0.6827309236947792,0.055113986134529114,0.09180548042058945,0.30531635880470276,0.6726137338031687,15,52.0,3,2,gemma2b_orig,orig,no
366,0.6746987951807228,0.05966378375887871,0.0843198299407959,0.2707776427268982,0.6125273593423183,16,56.0,3,2,gemma2b_orig,orig,no
367,0.678714859437751,0.06494015455245972,0.0810847356915474,0.2523036003112793,0.6695576065291075,17,59.0,3,2,gemma2b_orig,orig,no
368,0.6746987951807228,0.044722553342580795,0.05884731560945511,0.23056916892528534,0.6710589263136569,18,63.0,3,2,gemma2b_orig,orig,no
369,0.8795180722891567,0.1393185555934906,0.20455318689346313,0.4315698444843292,0.5767101078315472,19,67.0,3,4,gemma2b_orig,orig,no
370,0.8755020080321285,0.1544211059808731,0.23487588763237,0.47029295563697815,0.586702737872726,20,70.0,4,4,gemma2b_orig,orig,no
371,0.8714859437751004,0.12709082663059235,0.1948169767856598,0.46958422660827637,0.6684030352656847,21,74.0,4,3,gemma2b_orig,orig,no
372,0.8674698795180723,0.11263357847929001,0.21078118681907654,0.5275501012802124,0.6707705161446273,22,78.0,4,3,gemma2b_orig,orig,no
373,0.8594377510040161,0.10872937738895416,0.1955716907978058,0.43071281909942627,0.5679024474317294,23,81.0,4,3,gemma2b_orig,orig,no
374,0.8674698795180723,0.1295468658208847,0.186172753572464,0.47894835472106934,0.6703599989678328,24,85.0,4,3,gemma2b_orig,orig,no
375,0.8755020080321285,0.14483320713043213,0.21732330322265625,0.48783478140830994,0.6567660498037133,25,89.0,4,4,gemma2b_orig,orig,no
376,0.8634538152610441,0.21313345432281494,0.2832692563533783,0.567184567451477,0.6125627232525443,26,93.0,4,3,gemma2b_orig,orig,no
377,0.8594377510040161,0.17599835991859436,0.28597283363342285,0.4693317413330078,0.6064513279782848,27,96.0,4,3,gemma2b_orig,orig,no
378,0.5478723404255319,0.0,0.0,0.32003387808799744,0.5098978008641644,1,0.0,1,1,gemma2b-it_ttt,ttt,yes
379,0.5053191489361701,0.0648796334862709,0.08687593042850494,0.40724360942840576,0.5583339839167347,2,4.0,1,1,gemma2b-it_ttt,ttt,yes
380,0.5478723404255319,0.44476306438446045,0.526939332485199,0.6791559457778931,0.6452692350259901,3,7.0,1,1,gemma2b-it_ttt,ttt,yes
381,0.5797872340425532,0.16599959135055542,0.2258462905883789,0.4927114248275757,0.6610499306524147,4,11.0,1,1,gemma2b-it_ttt,ttt,yes
382,0.5638297872340425,0.20862466096878052,0.5527712106704712,0.7901964783668518,0.6700177721096358,5,15.0,1,1,gemma2b-it_ttt,ttt,yes
383,0.5585106382978724,0.4746548533439636,0.5867825746536255,0.7360740303993225,0.7003516509146852,6,19.0,2,1,gemma2b-it_ttt,ttt,yes
384,0.5904255319148937,0.39966243505477905,0.537898063659668,0.6921612024307251,0.7048945340425731,7,22.0,2,1,gemma2b-it_ttt,ttt,yes
385,0.6223404255319149,0.3576125204563141,0.4627912640571594,0.6517243385314941,0.6766775703155765,8,26.0,2,1,gemma2b-it_ttt,ttt,yes
386,0.5797872340425532,0.5444406270980835,0.743030309677124,0.8803918361663818,0.7048144200682709,9,30.0,2,1,gemma2b-it_ttt,ttt,yes
387,0.5851063829787234,0.7915025949478149,0.8956599235534668,0.9302703738212585,0.7055560629997394,10,33.0,2,1,gemma2b-it_ttt,ttt,yes
388,0.5319148936170213,0.0019334577955305576,0.0019334577955305576,0.04875321686267853,0.8759360041835913,11,37.0,2,1,gemma2b-it_ttt,ttt,yes
389,0.5851063829787234,0.7842575907707214,0.9291822910308838,0.9479977488517761,0.7013334282594137,12,41.0,2,1,gemma2b-it_ttt,ttt,yes
390,0.574468085106383,0.7412519454956055,0.8858012557029724,0.9604455828666687,0.7046774386970701,13,44.0,3,1,gemma2b-it_ttt,ttt,yes
391,0.574468085106383,0.8923377394676208,0.9499073028564453,0.9738878607749939,0.7042152460886163,14,48.0,3,1,gemma2b-it_ttt,ttt,yes
392,0.5797872340425532,0.9400131702423096,0.9634065628051758,0.9810582995414734,0.7067540792061432,15,52.0,3,1,gemma2b-it_ttt,ttt,yes
393,0.5904255319148937,0.8840705156326294,0.9679141044616699,0.9876250624656677,0.7044251591927487,16,56.0,3,1,gemma2b-it_ttt,ttt,yes
394,0.5904255319148937,0.810400128364563,0.949052095413208,0.9754323959350586,0.7062430770207376,17,59.0,3,1,gemma2b-it_ttt,ttt,yes
395,0.5957446808510638,0.8919129371643066,0.9354569315910339,0.9769942760467529,0.702224628294884,18,63.0,3,1,gemma2b-it_ttt,ttt,yes
396,0.5851063829787234,0.8072012662887573,0.9030097126960754,0.9570549130439758,0.705235355228668,19,67.0,3,1,gemma2b-it_ttt,ttt,yes
397,0.5957446808510638,0.8038592338562012,0.8746509552001953,0.9465241432189941,0.7019753966572102,20,70.0,4,1,gemma2b-it_ttt,ttt,yes
398,0.601063829787234,0.8203883171081543,0.8804057836532593,0.9176911115646362,0.7052116452598157,21,74.0,4,1,gemma2b-it_ttt,ttt,yes
399,0.5904255319148937,0.7275264263153076,0.8860780000686646,0.9229127764701843,0.7057670515867533,22,78.0,4,1,gemma2b-it_ttt,ttt,yes
400,0.601063829787234,0.8162817358970642,0.857785701751709,0.93252032995224,0.7059848610794619,23,81.0,4,1,gemma2b-it_ttt,ttt,yes
401,0.574468085106383,0.8055240511894226,0.8737917542457581,0.946718156337738,0.7006704731582203,24,85.0,4,1,gemma2b-it_ttt,ttt,yes
402,0.601063829787234,0.8170495629310608,0.841149091720581,0.9287337064743042,0.7064631530413354,25,89.0,4,1,gemma2b-it_ttt,ttt,yes
403,0.601063829787234,0.7633960843086243,0.7898569703102112,0.8618664741516113,0.6918967415913447,26,93.0,4,1,gemma2b-it_ttt,ttt,yes
404,0.6223404255319149,0.6656943559646606,0.6755011081695557,0.7470157742500305,0.6790157935818976,27,96.0,4,1,gemma2b-it_ttt,ttt,yes
405,0.5478723404255319,0.0,0.0,0.32003387808799744,0.5098978008641644,1,0.0,1,1,gemma2b-it_not,not,yes
406,0.5159574468085106,0.0482352152466774,0.08392749726772308,0.42964330315589905,0.5558092551308048,2,4.0,1,1,gemma2b-it_not,not,yes
407,0.5478723404255319,0.2575124502182007,0.4912700057029724,0.6411471366882324,0.6497600149774229,3,7.0,1,1,gemma2b-it_not,not,yes
408,0.5851063829787234,0.215685173869133,0.37211307883262634,0.618462085723877,0.6320606943358278,4,11.0,1,1,gemma2b-it_not,not,yes
409,0.5478723404255319,0.5190414190292358,0.5398668050765991,0.7100703120231628,0.6929492680687296,5,15.0,1,1,gemma2b-it_not,not,yes
410,0.5638297872340425,0.41988474130630493,0.5873488187789917,0.7574498057365417,0.6553703097914064,6,19.0,2,1,gemma2b-it_not,not,yes
411,0.526595744680851,0.00012396495731081814,0.00012396495731081814,0.012793422676622868,0.705261510209333,7,22.0,2,1,gemma2b-it_not,not,yes
412,0.5319148936170213,0.00018482163432054222,0.00018482163432054222,0.012359242886304855,0.6748684686976963,8,26.0,2,1,gemma2b-it_not,not,yes
413,0.5106382978723405,0.00010473474685568362,0.00010504224337637424,0.008441922254860401,0.6982285445793376,9,30.0,2,1,gemma2b-it_not,not,yes
414,0.5106382978723405,0.00013206234143581241,0.0001332889951299876,0.006731315050274134,0.6969783574803003,10,33.0,2,1,gemma2b-it_not,not,yes
415,0.5053191489361701,6.445416511269286e-05,7.424755312968045e-05,0.004007604904472828,0.6940805705548875,11,37.0,2,1,gemma2b-it_not,not,yes
416,0.5053191489361701,0.00022583008103538305,0.0002278629835927859,0.008491037413477898,0.6911056219317774,12,41.0,2,1,gemma2b-it_not,not,yes
417,0.5,0.0003097830922342837,0.00033610270475037396,0.01930270716547966,0.7007561106054462,13,44.0,3,1,gemma2b-it_not,not,yes
418,0.5106382978723404,0.00025574167375452816,0.00031539046904072165,0.015996156260371208,0.6876024385857298,14,48.0,3,1,gemma2b-it_not,not,yes
419,0.9574468085106383,0.08488196134567261,0.14664959907531738,0.4127195179462433,0.5101368947387535,15,52.0,3,4,gemma2b-it_not,not,yes
420,0.9574468085106383,0.07959667593240738,0.1693064421415329,0.4524345099925995,0.6380961426221048,16,56.0,3,4,gemma2b-it_not,not,yes
421,0.9468085106382979,0.05569939315319061,0.1700969785451889,0.38316792249679565,0.5347921534926726,17,59.0,3,4,gemma2b-it_not,not,yes
422,0.9414893617021277,0.041197873651981354,0.15035167336463928,0.43640822172164917,0.6197751656785376,18,63.0,3,4,gemma2b-it_not,not,yes
423,0.9414893617021277,0.024873968213796616,0.15373782813549042,0.4193447530269623,0.6300019324719015,19,67.0,3,4,gemma2b-it_not,not,yes
424,0.9468085106382979,0.04271466284990311,0.11594018340110779,0.37912195920944214,0.609401619184056,20,70.0,4,4,gemma2b-it_not,not,yes
425,0.9414893617021276,0.040848128497600555,0.12180817127227783,0.42631903290748596,0.4944380552723293,21,74.0,4,4,gemma2b-it_not,not,yes
426,0.9521276595744681,0.01467926986515522,0.11717785149812698,0.40531599521636963,0.5333304465056832,22,78.0,4,4,gemma2b-it_not,not,yes
427,0.9414893617021276,0.027965977787971497,0.13610033690929413,0.3679085969924927,0.534844402326852,23,81.0,4,4,gemma2b-it_not,not,yes
428,0.9308510638297872,0.045631397515535355,0.15162521600723267,0.452599436044693,0.5230900325591356,24,85.0,4,4,gemma2b-it_not,not,yes
429,0.9308510638297872,0.04357273504137993,0.1461455374956131,0.48232778906822205,0.6075272239302723,25,89.0,4,4,gemma2b-it_not,not,yes
430,0.9308510638297872,0.04944062978029251,0.14759668707847595,0.3696669042110443,0.533839236459103,26,93.0,4,4,gemma2b-it_not,not,yes
431,0.7819148936170213,0.13322606682777405,0.1625058352947235,0.37312349677085876,0.6297813508846483,27,96.0,4,3,gemma2b-it_not,not,yes
432,0.5381526104417671,0.0,0.0,0.3200336694717407,0.5098978242382849,1,0.0,1,1,gemma2b-it_orig,orig,yes
433,0.5542168674698795,0.031568899750709534,0.06647240370512009,0.39413344860076904,0.533001890139153,2,4.0,1,1,gemma2b-it_orig,orig,yes
434,0.6224899598393574,0.21990197896957397,0.27436307072639465,0.5114543437957764,0.6227040820339068,3,7.0,1,1,gemma2b-it_orig,orig,yes
435,0.6265060240963856,0.21079763770103455,0.3716101050376892,0.5879854559898376,0.6903521894916668,4,11.0,1,2,gemma2b-it_orig,orig,yes
436,0.6144578313253012,0.20083190500736237,0.4340810179710388,0.5755552053451538,0.6807948169099417,5,15.0,1,1,gemma2b-it_orig,orig,yes
437,0.6265060240963856,0.2980591058731079,0.4932732582092285,0.6916860938072205,0.7009018984833725,6,19.0,2,2,gemma2b-it_orig,orig,yes
438,0.6706827309236948,0.05980031192302704,0.07143866270780563,0.2479984164237976,0.6913273970393511,7,22.0,2,2,gemma2b-it_orig,orig,yes
439,0.6666666666666667,0.04991467297077179,0.0648224949836731,0.18333636224269867,0.6154620626590586,8,26.0,2,2,gemma2b-it_orig,orig,yes
440,0.6626506024096386,0.026855895295739174,0.031116314232349396,0.20991040766239166,0.668215269001741,9,30.0,2,2,gemma2b-it_orig,orig,yes
441,0.6706827309236948,0.03351191431283951,0.0439278818666935,0.2228734940290451,0.5983371008702977,10,33.0,2,2,gemma2b-it_orig,orig,yes
442,0.678714859437751,0.029608536511659622,0.060761939734220505,0.20564477145671844,0.5971939862528233,11,37.0,2,2,gemma2b-it_orig,orig,yes
443,0.6746987951807228,0.03410179913043976,0.05737310275435448,0.2198595553636551,0.6892187920672703,12,41.0,2,2,gemma2b-it_orig,orig,yes
444,0.6746987951807228,0.031045150011777878,0.03835300728678703,0.2367759346961975,0.6350194750069557,13,44.0,3,2,gemma2b-it_orig,orig,yes
445,0.6706827309236948,0.046814076602458954,0.0662308856844902,0.23821166157722473,0.6087048709051525,14,48.0,3,2,gemma2b-it_orig,orig,yes
446,0.9558232931726908,0.04143492132425308,0.10798678547143936,0.373434841632843,0.5219568474021631,15,52.0,3,4,gemma2b-it_orig,orig,yes
447,0.9598393574297188,0.029398299753665924,0.09695001691579819,0.4772307276725769,0.5823984308765866,16,56.0,3,4,gemma2b-it_orig,orig,yes
448,0.9678714859437751,0.03082047589123249,0.09333429485559464,0.3764653205871582,0.5308006722157188,17,59.0,3,4,gemma2b-it_orig,orig,yes
449,0.9678714859437751,0.04304610937833786,0.10127494484186172,0.387536883354187,0.5251984385299746,18,63.0,3,4,gemma2b-it_orig,orig,yes
450,0.9678714859437751,0.04425200819969177,0.09473630785942078,0.3921695053577423,0.5046743393081282,19,67.0,3,4,gemma2b-it_orig,orig,yes
451,0.963855421686747,0.03669104725122452,0.09894800186157227,0.4338727593421936,0.5903928556795829,20,70.0,4,4,gemma2b-it_orig,orig,yes
452,0.963855421686747,0.03283118084073067,0.08748720586299896,0.3851894438266754,0.5020153114528539,21,74.0,4,4,gemma2b-it_orig,orig,yes
453,0.9678714859437751,0.026667015627026558,0.09034280478954315,0.4595329463481903,0.5770943786616619,22,78.0,4,4,gemma2b-it_orig,orig,yes
454,0.963855421686747,0.022348616272211075,0.08575207740068436,0.4101948142051697,0.5203456951844889,23,81.0,4,4,gemma2b-it_orig,orig,yes
455,0.9678714859437751,0.03642691671848297,0.09300262480974197,0.38097143173217773,0.5351590793093784,24,85.0,4,4,gemma2b-it_orig,orig,yes
456,0.9598393574297188,0.051824282854795456,0.09929746389389038,0.4423016607761383,0.5865238617293853,25,89.0,4,4,gemma2b-it_orig,orig,yes
457,0.9598393574297188,0.041271235793828964,0.10287906229496002,0.4476431608200073,0.5835336190238203,26,93.0,4,4,gemma2b-it_orig,orig,yes
458,0.963855421686747,0.040676914155483246,0.0992758721113205,0.4414796829223633,0.562479296259192,27,96.0,4,4,gemma2b-it_orig,orig,yes
459,0.5478723404255319,0.0,0.0,0.3200364410877228,0.5098974853161603,1,0.0,1,1,gemma9b_ttt,ttt,no
460,0.5159574468085106,0.01218095887452364,0.01218095887452364,0.3092520833015442,0.44708969906620066,2,2.0,1,1,gemma9b_ttt,ttt,no
461,0.5585106382978723,0.05719544366002083,0.05719544366002083,0.31251826882362366,0.6998652020248692,3,5.0,1,1,gemma9b_ttt,ttt,no
462,0.5638297872340425,0.1794007271528244,0.19058147072792053,0.3846648633480072,0.6978795799874713,4,7.0,1,1,gemma9b_ttt,ttt,no
463,0.5797872340425532,0.12999455630779266,0.16520583629608154,0.3484477996826172,0.7035535288898349,5,9.0,1,1,gemma9b_ttt,ttt,no
464,0.5531914893617021,0.04756798595190048,0.04756798595190048,0.1667231172323227,0.6832878710054894,6,12.0,1,1,gemma9b_ttt,ttt,no
465,0.5531914893617021,0.04355822503566742,0.04355822503566742,0.18740804493427277,0.7002756475173274,7,14.0,1,1,gemma9b_ttt,ttt,no
466,0.5691489361702128,0.15121877193450928,0.15121877193450928,0.32457321882247925,0.7041282095519095,8,16.0,1,1,gemma9b_ttt,ttt,no
467,0.5638297872340425,0.005766014102846384,0.005766014102846384,0.06077303737401962,0.6579955413362321,9,19.0,1,1,gemma9b_ttt,ttt,no
468,0.6063829787234043,0.11842116713523865,0.12273719161748886,0.28601571917533875,0.7059301522861648,10,21.0,2,1,gemma9b_ttt,ttt,no
469,0.6063829787234043,0.4162372052669525,0.5859161615371704,0.7224947214126587,0.7045691066921043,11,23.0,2,1,gemma9b_ttt,ttt,no
470,0.5904255319148937,0.2831192910671234,0.3088843822479248,0.5792542695999146,0.7059238290322849,12,26.0,2,1,gemma9b_ttt,ttt,no
471,0.5691489361702128,0.40729108452796936,0.6137523055076599,0.6974135041236877,0.7008630521218328,13,28.0,2,1,gemma9b_ttt,ttt,no
472,0.574468085106383,0.48279881477355957,0.6668004989624023,0.8653605580329895,0.7038276676339472,14,30.0,2,1,gemma9b_ttt,ttt,no
473,0.601063829787234,0.8785736560821533,0.8968856930732727,0.9585312008857727,0.7059012229870509,15,33.0,2,1,gemma9b_ttt,ttt,no
474,0.5797872340425532,0.8917453289031982,0.9329515099525452,0.9733917117118835,0.7059628363483857,16,35.0,2,1,gemma9b_ttt,ttt,no
475,0.574468085106383,0.8387796878814697,0.9382355213165283,0.9708040952682495,0.7057760540927666,17,37.0,2,1,gemma9b_ttt,ttt,no
476,0.6117021276595744,0.7115249037742615,0.7977846264839172,0.879673421382904,0.7023246543667278,18,40.0,2,1,gemma9b_ttt,ttt,no
477,0.5691489361702128,0.8112274408340454,0.9371967315673828,0.9702945947647095,0.7033647030378453,19,42.0,2,1,gemma9b_ttt,ttt,no
478,0.5638297872340425,0.8878390192985535,0.9563292264938354,0.9792960286140442,0.704023501841827,20,44.0,2,1,gemma9b_ttt,ttt,no
479,0.5797872340425532,0.9346083402633667,0.9549593925476074,0.9790573120117188,0.7056319229615675,21,47.0,3,1,gemma9b_ttt,ttt,no
480,0.574468085106383,0.8789057731628418,0.9539641737937927,0.9766886234283447,0.7041923219689344,22,49.0,3,1,gemma9b_ttt,ttt,no
481,0.5957446808510638,0.8841391801834106,0.9424553513526917,0.9794049859046936,0.7061292309838488,23,51.0,3,1,gemma9b_ttt,ttt,no
482,0.5957446808510638,0.7241812348365784,0.9350603222846985,0.9461628198623657,0.702273914610385,24,53.0,3,1,gemma9b_ttt,ttt,no
483,0.6063829787234043,0.8045284748077393,0.8922325372695923,0.9523320198059082,0.7018472777893296,25,56.0,3,1,gemma9b_ttt,ttt,no
484,0.6117021276595744,0.796727180480957,0.9232534170150757,0.9715178608894348,0.7056511678462776,26,58.0,3,1,gemma9b_ttt,ttt,no
485,0.6063829787234043,0.8265445828437805,0.8723454475402832,0.9235926866531372,0.7030867566829312,27,60.0,3,1,gemma9b_ttt,ttt,no
486,0.601063829787234,0.8131104111671448,0.9038152098655701,0.9515665173530579,0.700355986766315,28,63.0,3,1,gemma9b_ttt,ttt,no
487,0.601063829787234,0.7501359581947327,0.8670338988304138,0.9415115118026733,0.6964472758869549,29,65.0,3,1,gemma9b_ttt,ttt,no
488,0.6223404255319149,0.7626473903656006,0.8333312273025513,0.9322832822799683,0.7033080887170404,30,67.0,3,1,gemma9b_ttt,ttt,no
489,0.6329787234042553,0.6677153706550598,0.7266908288002014,0.8324422836303711,0.6845827524232652,31,70.0,3,2,gemma9b_ttt,ttt,no
490,0.6223404255319149,0.6869344711303711,0.7944766283035278,0.9197171926498413,0.6916094988995638,32,72.0,4,1,gemma9b_ttt,ttt,no
491,0.6542553191489362,0.6450268030166626,0.6876100897789001,0.7683339715003967,0.7011269822348214,33,74.0,4,2,gemma9b_ttt,ttt,no
492,0.6329787234042553,0.561438262462616,0.7564553022384644,0.9182820916175842,0.6928799424946499,34,77.0,4,2,gemma9b_ttt,ttt,no
493,0.6276595744680851,0.6337326765060425,0.7577078342437744,0.9183024168014526,0.7001762207680575,35,79.0,4,2,gemma9b_ttt,ttt,no
494,0.6329787234042553,0.4521019458770752,0.7148658037185669,0.8616175651550293,0.6976397672271387,36,81.0,4,2,gemma9b_ttt,ttt,no
495,0.6223404255319149,0.6466618776321411,0.7780055999755859,0.8306309580802917,0.7019341814993348,37,84.0,4,1,gemma9b_ttt,ttt,no
496,0.6170212765957447,0.5071673393249512,0.7202415466308594,0.8565781712532043,0.699229868051944,38,86.0,4,1,gemma9b_ttt,ttt,no
497,0.601063829787234,0.2924703359603882,0.7708892822265625,0.9094491600990295,0.7009429652032082,39,88.0,4,1,gemma9b_ttt,ttt,no
498,0.6117021276595744,0.5221110582351685,0.7276099920272827,0.9163934588432312,0.7012633819233273,40,91.0,4,1,gemma9b_ttt,ttt,no
499,0.6063829787234043,0.5865212678909302,0.7300693988800049,0.8568550944328308,0.7036972894095849,41,93.0,4,1,gemma9b_ttt,ttt,no
500,0.6117021276595744,0.374663770198822,0.7594324350357056,0.9096852540969849,0.6988381777808537,42,95.0,4,1,gemma9b_ttt,ttt,no
501,0.6117021276595744,0.4648190438747406,0.7373685240745544,0.9148903489112854,0.7014532488874712,43,98.0,4,1,gemma9b_ttt,ttt,no
502,0.5478723404255319,0.0,0.0,0.3200364410877228,0.5098974853161603,1,0.0,1,1,gemma9b_not,not,no
503,0.5265957446808511,0.03738806024193764,0.07832758128643036,0.41333168745040894,0.540202134462932,2,2.0,1,1,gemma9b_not,not,no
504,0.5425531914893618,0.3738861680030823,0.42005524039268494,0.6169068217277527,0.6772243779011228,3,5.0,1,1,gemma9b_not,not,no
505,0.5957446808510638,0.3054383397102356,0.452527791261673,0.6497284173965454,0.6944182385698797,4,7.0,1,1,gemma9b_not,not,no
506,0.5904255319148937,0.403123140335083,0.4666885733604431,0.6890439987182617,0.7024377581270138,5,9.0,1,1,gemma9b_not,not,no
507,0.5159574468085106,0.36768266558647156,0.4538482129573822,0.672166645526886,0.7009056740905731,6,12.0,1,1,gemma9b_not,not,no
508,0.5159574468085106,0.328666627407074,0.4906681776046753,0.6124173998832703,0.6975671006875765,7,14.0,1,1,gemma9b_not,not,no
509,0.6170212765957447,0.1358652263879776,0.1556740701198578,0.34628140926361084,0.7022237354031238,8,16.0,1,1,gemma9b_not,not,no
510,0.5212765957446809,0.00011658625589916483,0.00011658625589916483,0.011970709078013897,0.7057294543426905,9,19.0,1,1,gemma9b_not,not,no
511,0.5212765957446809,0.00018956989515572786,0.00018956989515572786,0.016722798347473145,0.7039121151321083,10,21.0,2,1,gemma9b_not,not,no
512,0.5106382978723404,0.00010233670036541298,0.00014416883641388267,0.013586589135229588,0.7049958131092544,11,23.0,2,1,gemma9b_not,not,no
513,0.5212765957446809,2.152530214516446e-05,2.8198392101330683e-05,0.00740611320361495,0.7045800246790788,12,26.0,2,1,gemma9b_not,not,no
514,0.5212765957446808,4.94046435051132e-05,5.21827932971064e-05,0.007253346964716911,0.6788750680018356,13,28.0,2,1,gemma9b_not,not,no
515,0.5212765957446808,5.241969847702421e-05,6.666853732895106e-05,0.006708480417728424,0.6856310126373746,14,30.0,2,1,gemma9b_not,not,no
516,0.5159574468085106,4.885963790002279e-05,5.559429700952023e-05,0.008881330490112305,0.7064937017557903,15,33.0,2,1,gemma9b_not,not,no
517,0.5106382978723404,8.541733404854313e-05,8.849758887663484e-05,0.00854765810072422,0.7057644812090246,16,35.0,2,1,gemma9b_not,not,no
518,0.5053191489361701,7.856334559619427e-05,7.856334559619427e-05,0.007911252789199352,0.6742361558340219,17,37.0,2,1,gemma9b_not,not,no
519,0.5053191489361702,0.00014019408263266087,0.00015374959912151098,0.013136644847691059,0.7054626994015322,18,40.0,2,1,gemma9b_not,not,no
520,0.5,9.416972898179665e-05,0.00012154487194493413,0.010160351172089577,0.6889101542192116,19,42.0,2,1,gemma9b_not,not,no
521,0.5053191489361701,8.802953379927203e-05,0.00012389328912831843,0.012532469816505909,0.704944594840222,20,44.0,2,1,gemma9b_not,not,no
522,0.5053191489361701,0.0001779542217263952,0.0001779542217263952,0.0161787960678339,0.704652284438783,21,47.0,3,1,gemma9b_not,not,no
523,0.5053191489361701,0.0003235781332477927,0.0004011974378954619,0.01721796579658985,0.7049652022516273,22,49.0,3,1,gemma9b_not,not,no
524,0.5053191489361702,0.0007081187795847654,0.0007081187795847654,0.024308692663908005,0.7039905117675577,23,51.0,3,1,gemma9b_not,not,no
525,0.5,0.0004912133445031941,0.0004912133445031941,0.018810268491506577,0.666291135535638,24,53.0,3,1,gemma9b_not,not,no
526,0.5,0.000934394309297204,0.000934394309297204,0.036613840609788895,0.6737929352734825,25,56.0,3,1,gemma9b_not,not,no
527,0.5053191489361701,0.0009927160572260618,0.0010558853391557932,0.033691443502902985,0.6636025922333536,26,58.0,3,1,gemma9b_not,not,no
528,0.5,0.0006572477286681533,0.0008335255552083254,0.026017647236585617,0.7035835010860962,27,60.0,3,1,gemma9b_not,not,no
529,0.5265957446808511,0.0005712373531423509,0.00067898043198511,0.031815819442272186,0.6360494589682852,28,63.0,3,1,gemma9b_not,not,no
530,0.7606382978723404,0.13859489560127258,0.22603678703308105,0.41011983156204224,0.6394084918495807,29,65.0,3,3,gemma9b_not,not,no
531,0.5372340425531915,0.0015311760362237692,0.002522246679291129,0.04749770835042,0.7034311992170335,30,67.0,3,1,gemma9b_not,not,no
532,0.7712765957446809,0.14538079500198364,0.23127686977386475,0.4776144027709961,0.6111090343272857,31,70.0,3,3,gemma9b_not,not,no
533,0.5638297872340425,0.0026518062222748995,0.003869325155392289,0.057203277945518494,0.7059934182409646,32,72.0,4,1,gemma9b_not,not,no
534,0.7606382978723404,0.18001122772693634,0.31917738914489746,0.5795838832855225,0.6900212818936645,33,74.0,4,3,gemma9b_not,not,no
535,0.7393617021276596,0.19612357020378113,0.23929201066493988,0.5902699828147888,0.696904226303124,34,77.0,4,2,gemma9b_not,not,no
536,0.7340425531914894,0.195784330368042,0.2913687229156494,0.55389004945755,0.6807500301678318,35,79.0,4,2,gemma9b_not,not,no
537,0.7180851063829787,0.16991610825061798,0.2565866708755493,0.5441017746925354,0.6835487359188883,36,81.0,4,2,gemma9b_not,not,no
538,0.7180851063829787,0.12574584782123566,0.26601484417915344,0.4950888156890869,0.6817487156214851,37,84.0,4,2,gemma9b_not,not,no
539,0.7287234042553191,0.15803301334381104,0.26617032289505005,0.558722972869873,0.6934743636306421,38,86.0,4,2,gemma9b_not,not,no
540,0.7127659574468085,0.15900744497776031,0.2892361283302307,0.5349305868148804,0.6834276429642645,39,88.0,4,2,gemma9b_not,not,no
541,0.7074468085106383,0.4333723783493042,0.4905308485031128,0.7120074033737183,0.6827793108349504,40,91.0,4,2,gemma9b_not,not,no
542,0.7287234042553192,0.1556762456893921,0.310995876789093,0.5668862462043762,0.6737860968069597,41,93.0,4,2,gemma9b_not,not,no
543,0.75,0.08806981891393661,0.18865138292312622,0.3703707754611969,0.6475622021998082,42,95.0,4,3,gemma9b_not,not,no
544,0.5531914893617021,0.0036991466768085957,0.006760009564459324,0.07838127762079239,0.7050121718379774,43,98.0,4,1,gemma9b_not,not,no
545,0.5381526104417671,0.0,0.0,0.32003405690193176,0.5098977774900707,1,0.0,1,1,gemma9b_orig,orig,no
546,0.5421686746987953,0.02545711025595665,0.047629114240407944,0.383209228515625,0.5167313148492606,2,2.0,1,1,gemma9b_orig,orig,no
547,0.5943775100401607,0.29337072372436523,0.344186395406723,0.5772808790206909,0.6794799313184833,3,5.0,1,1,gemma9b_orig,orig,no
548,0.6305220883534136,0.4141809344291687,0.4359596371650696,0.6528419852256775,0.6900147440363927,4,7.0,1,2,gemma9b_orig,orig,no
549,0.642570281124498,0.3386937975883484,0.3779919147491455,0.5782566070556641,0.7032615369905065,5,9.0,1,2,gemma9b_orig,orig,no
550,0.6265060240963856,0.43360280990600586,0.43771132826805115,0.7059347629547119,0.6954136602869966,6,12.0,1,2,gemma9b_orig,orig,no
551,0.6305220883534137,0.4363897442817688,0.48952436447143555,0.6967706084251404,0.703839151370073,7,14.0,1,2,gemma9b_orig,orig,no
552,0.678714859437751,0.04331347346305847,0.05230116844177246,0.2717774510383606,0.6987563085428258,8,16.0,1,2,gemma9b_orig,orig,no
553,0.6827309236947792,0.03512535244226456,0.03938303142786026,0.17515873908996582,0.7069413710715119,9,19.0,1,2,gemma9b_orig,orig,no
554,0.678714859437751,0.024589328095316887,0.02507338859140873,0.21314331889152527,0.4580615985861259,10,21.0,2,2,gemma9b_orig,orig,no
555,0.678714859437751,0.035343773663043976,0.042597442865371704,0.25929898023605347,0.6929386529152979,11,23.0,2,2,gemma9b_orig,orig,no
556,0.6827309236947792,0.0313432402908802,0.04432741180062294,0.21114322543144226,0.684060417471854,12,26.0,2,2,gemma9b_orig,orig,no
557,0.678714859437751,0.0359196700155735,0.06641591340303421,0.20576179027557373,0.6857670890132438,13,28.0,2,2,gemma9b_orig,orig,no
558,0.678714859437751,0.03840531036257744,0.0527547150850296,0.2596553564071655,0.6937309791963389,14,30.0,2,2,gemma9b_orig,orig,no
559,0.6746987951807228,0.02218974381685257,0.03454603999853134,0.24632470309734344,0.6280244882494562,15,33.0,2,2,gemma9b_orig,orig,no
560,0.678714859437751,0.043488360941410065,0.06480605900287628,0.2830863893032074,0.6180545878616999,16,35.0,2,2,gemma9b_orig,orig,no
561,0.6867469879518072,0.055514127016067505,0.07032392174005508,0.33064720034599304,0.6079487147666711,17,37.0,2,2,gemma9b_orig,orig,no
562,0.678714859437751,0.06610851734876633,0.07310320436954498,0.3022090196609497,0.6437132637091473,18,40.0,2,2,gemma9b_orig,orig,no
563,0.6706827309236948,0.035955872386693954,0.08125395327806473,0.2811831533908844,0.6712945311745995,19,42.0,2,2,gemma9b_orig,orig,no
564,0.6706827309236948,0.03711969405412674,0.07686761021614075,0.2397780865430832,0.6622596166458172,20,44.0,2,2,gemma9b_orig,orig,no
565,0.6666666666666666,0.05748418718576431,0.08862187713384628,0.24537250399589539,0.6968307260844414,21,47.0,3,2,gemma9b_orig,orig,no
566,0.6666666666666666,0.0362420491874218,0.08113300055265427,0.2692335247993469,0.6816604654295823,22,49.0,3,2,gemma9b_orig,orig,no
567,0.6746987951807228,0.03869422897696495,0.05673191696405411,0.24025468528270721,0.6911457332046482,23,51.0,3,2,gemma9b_orig,orig,no
568,0.6746987951807228,0.05240622162818909,0.08129449188709259,0.2717089056968689,0.6714323094305478,24,53.0,3,2,gemma9b_orig,orig,no
569,0.9558232931726908,0.09171128273010254,0.12544652819633484,0.3339502811431885,0.5726071108812828,25,56.0,3,4,gemma9b_orig,orig,no
570,0.6706827309236948,0.03964460641145706,0.05998551473021507,0.2337205559015274,0.6777755113012698,26,58.0,3,2,gemma9b_orig,orig,no
571,0.9477911646586346,0.0764855295419693,0.13881811499595642,0.3699764013290405,0.6059985085067482,27,60.0,3,4,gemma9b_orig,orig,no
572,0.9518072289156626,0.08730574697256088,0.12687769532203674,0.47841501235961914,0.5436859644240487,28,63.0,3,4,gemma9b_orig,orig,no
573,0.9437751004016064,0.08696179836988449,0.15824715793132782,0.3283829987049103,0.579913224765428,29,65.0,3,4,gemma9b_orig,orig,no
574,0.9437751004016064,0.06841306388378143,0.14260418713092804,0.41198933124542236,0.5719669381634944,30,67.0,3,4,gemma9b_orig,orig,no
575,0.9397590361445783,0.08579500764608383,0.14017361402511597,0.335575670003891,0.5968292322919834,31,70.0,3,4,gemma9b_orig,orig,no
576,0.6305220883534136,0.01620013266801834,0.06126350164413452,0.21927514672279358,0.6542105518667801,32,72.0,4,2,gemma9b_orig,orig,no
577,0.9116465863453815,0.12670978903770447,0.2360929697751999,0.4896077811717987,0.628112851979639,33,74.0,4,4,gemma9b_orig,orig,no
578,0.9076305220883534,0.11241959780454636,0.2120453417301178,0.46014076471328735,0.557850891191873,34,77.0,4,4,gemma9b_orig,orig,no
579,0.9036144578313253,0.15848596394062042,0.2367015779018402,0.5145840048789978,0.6302701735963807,35,79.0,4,4,gemma9b_orig,orig,no
580,0.9036144578313253,0.096938855946064,0.2358420491218567,0.49832573533058167,0.636957259715994,36,81.0,4,4,gemma9b_orig,orig,no
581,0.8835341365461847,0.09028992801904678,0.23492807149887085,0.4137645363807678,0.5657973231495758,37,84.0,4,4,gemma9b_orig,orig,no
582,0.891566265060241,0.08067040145397186,0.2222089022397995,0.3840925395488739,0.5661640781526506,38,86.0,4,4,gemma9b_orig,orig,no
583,0.8835341365461847,0.09665735810995102,0.19798262417316437,0.41134804487228394,0.5618307427094805,39,88.0,4,4,gemma9b_orig,orig,no
584,0.8835341365461847,0.14262624084949493,0.21942166984081268,0.40547919273376465,0.5532319866068474,40,91.0,4,4,gemma9b_orig,orig,no
585,0.8795180722891566,0.10235077887773514,0.20269189774990082,0.53642737865448,0.6672691499289376,41,93.0,4,4,gemma9b_orig,orig,no
586,0.9116465863453815,0.2014615684747696,0.23819410800933838,0.4790911078453064,0.5795497747718321,42,95.0,4,4,gemma9b_orig,orig,no
587,0.8835341365461847,0.13538594543933868,0.2898496389389038,0.5593212246894836,0.686971827203907,43,98.0,4,4,gemma9b_orig,orig,no
588,0.5478723404255319,0.0,0.0,0.3200364410877228,0.5098974853161603,1,0.0,1,1,gemma9b-it_ttt,ttt,yes
589,0.5478723404255319,0.0423637218773365,0.09181708842515945,0.43784356117248535,0.5521654136883128,2,2.0,1,1,gemma9b-it_ttt,ttt,yes
590,0.5212765957446808,0.024410132318735123,0.024410132318735123,0.23021143674850464,0.5914604115355396,3,5.0,1,1,gemma9b-it_ttt,ttt,yes
591,0.574468085106383,0.2661260962486267,0.27353954315185547,0.4441621005535126,0.7004979746923409,4,7.0,1,1,gemma9b-it_ttt,ttt,yes
592,0.574468085106383,0.22620443999767303,0.2571534514427185,0.5405517816543579,0.6992171136367181,5,9.0,1,1,gemma9b-it_ttt,ttt,yes
593,0.526595744680851,0.03874356299638748,0.03874356299638748,0.2234659343957901,0.7045832885667285,6,12.0,1,1,gemma9b-it_ttt,ttt,yes
594,0.5531914893617021,0.07073013484477997,0.07155813276767731,0.27116748690605164,0.7038511080093446,7,14.0,1,1,gemma9b-it_ttt,ttt,yes
595,0.5797872340425532,0.15311458706855774,0.19458939135074615,0.4580438733100891,0.7050552352895909,8,16.0,1,1,gemma9b-it_ttt,ttt,yes
596,0.5319148936170213,0.0016220277175307274,0.0016220277175307274,0.047137077897787094,0.5131578199818122,9,19.0,1,1,gemma9b-it_ttt,ttt,yes
597,0.5797872340425532,0.26915138959884644,0.4329130947589874,0.6335231065750122,0.7018953981453,10,21.0,2,1,gemma9b-it_ttt,ttt,yes
598,0.574468085106383,0.2911679148674011,0.4249218702316284,0.6170638203620911,0.7057562033072328,11,23.0,2,1,gemma9b-it_ttt,ttt,yes
599,0.6063829787234043,0.4091561436653137,0.8704410195350647,0.9099966287612915,0.7067736296436384,12,26.0,2,1,gemma9b-it_ttt,ttt,yes
600,0.6117021276595744,0.6785545349121094,0.8454018831253052,0.9131404757499695,0.7069432088690111,13,28.0,2,1,gemma9b-it_ttt,ttt,yes
601,0.5957446808510638,0.9291390180587769,0.9413701891899109,0.9745896458625793,0.7058668475455019,14,30.0,2,1,gemma9b-it_ttt,ttt,yes
602,0.5797872340425532,0.9105885028839111,0.9600852727890015,0.9838879704475403,0.7069876906375279,15,33.0,2,1,gemma9b-it_ttt,ttt,yes
603,0.5585106382978724,0.9374996423721313,0.9559683799743652,0.9875165820121765,0.7068589492581514,16,35.0,2,1,gemma9b-it_ttt,ttt,yes
604,0.5691489361702128,0.9590966701507568,0.9707205891609192,0.9865403175354004,0.7069093882720731,17,37.0,2,1,gemma9b-it_ttt,ttt,yes
605,0.5691489361702128,0.9348856806755066,0.9780460596084595,0.9830499887466431,0.7058479305093283,18,40.0,2,1,gemma9b-it_ttt,ttt,yes
606,0.5797872340425532,0.9312734603881836,0.9566761255264282,0.9782727956771851,0.7058421018522774,19,42.0,2,1,gemma9b-it_ttt,ttt,yes
607,0.5851063829787234,0.8868570327758789,0.9692726135253906,0.9764869213104248,0.7057656743517482,20,44.0,2,1,gemma9b-it_ttt,ttt,yes
608,0.6117021276595744,0.950879693031311,0.9669744968414307,0.9809606671333313,0.7047832773911806,21,47.0,3,1,gemma9b-it_ttt,ttt,yes
609,0.601063829787234,0.9330267906188965,0.9704908728599548,0.9828091263771057,0.7062978358162495,22,49.0,3,1,gemma9b-it_ttt,ttt,yes
610,0.5957446808510638,0.9209321737289429,0.9597103595733643,0.979803204536438,0.7065583149412555,23,51.0,3,1,gemma9b-it_ttt,ttt,yes
611,0.601063829787234,0.8307247161865234,0.9507061839103699,0.9722886085510254,0.7067002690980569,24,53.0,3,1,gemma9b-it_ttt,ttt,yes
612,0.6063829787234043,0.7654080390930176,0.9421026706695557,0.9582488536834717,0.7065000537023834,25,56.0,3,1,gemma9b-it_ttt,ttt,yes
613,0.6170212765957447,0.8349654674530029,0.940906286239624,0.9690300822257996,0.7023022052037914,26,58.0,3,1,gemma9b-it_ttt,ttt,yes
614,0.601063829787234,0.8119306564331055,0.9191855192184448,0.9674656987190247,0.7065588751657642,27,60.0,3,1,gemma9b-it_ttt,ttt,yes
615,0.5797872340425532,0.8859763145446777,0.9454131126403809,0.9628725051879883,0.7029280096950362,28,63.0,3,1,gemma9b-it_ttt,ttt,yes
616,0.6382978723404256,0.7421647906303406,0.8418306708335876,0.8953355550765991,0.698006358721963,29,65.0,3,2,gemma9b-it_ttt,ttt,yes
617,0.648936170212766,0.6822770833969116,0.7392640113830566,0.8605702519416809,0.696711930226004,30,67.0,3,2,gemma9b-it_ttt,ttt,yes
618,0.6702127659574468,0.6614377498626709,0.7913586497306824,0.8764893412590027,0.6971541285481082,31,70.0,3,2,gemma9b-it_ttt,ttt,yes
619,0.6170212765957447,0.7460874319076538,0.8145965337753296,0.8951398134231567,0.7010394789502471,32,72.0,4,1,gemma9b-it_ttt,ttt,yes
620,0.648936170212766,0.5038521885871887,0.7026740312576294,0.8157945275306702,0.6993946061362336,33,74.0,4,2,gemma9b-it_ttt,ttt,yes
621,0.6436170212765957,0.6384001970291138,0.7984776496887207,0.8684480786323547,0.7066393261336545,34,77.0,4,2,gemma9b-it_ttt,ttt,yes
622,0.648936170212766,0.6247186660766602,0.7886039614677429,0.8849775195121765,0.7064301406890987,35,79.0,4,2,gemma9b-it_ttt,ttt,yes
623,0.6382978723404256,0.5187538862228394,0.6169320940971375,0.7924591302871704,0.6977440490831343,36,81.0,4,2,gemma9b-it_ttt,ttt,yes
624,0.648936170212766,0.5521758198738098,0.7524113655090332,0.8509649634361267,0.6973579264339296,37,84.0,4,2,gemma9b-it_ttt,ttt,yes
625,0.6595744680851063,0.6511996388435364,0.7841401100158691,0.8574641942977905,0.7063695540515804,38,86.0,4,2,gemma9b-it_ttt,ttt,yes
626,0.6595744680851063,0.6164987683296204,0.765300989151001,0.8703577518463135,0.7065575093820571,39,88.0,4,2,gemma9b-it_ttt,ttt,yes
627,0.6542553191489362,0.49597448110580444,0.7689516544342041,0.8754620552062988,0.6987166321168611,40,91.0,4,2,gemma9b-it_ttt,ttt,yes
628,0.6542553191489362,0.6251000165939331,0.7382060289382935,0.8705655336380005,0.6995407431929204,41,93.0,4,2,gemma9b-it_ttt,ttt,yes
629,0.6648936170212766,0.5554414987564087,0.7119463682174683,0.8665505051612854,0.6964116773435621,42,95.0,4,2,gemma9b-it_ttt,ttt,yes
630,0.6542553191489362,0.5303854942321777,0.6799994111061096,0.8187886476516724,0.7066022675030457,43,98.0,4,2,gemma9b-it_ttt,ttt,yes
631,0.5478723404255319,0.0,0.0,0.3200364410877228,0.5098974853161603,1,0.0,1,1,gemma9b-it_not,not,yes
632,0.5531914893617021,0.0639362633228302,0.08143168687820435,0.4305024743080139,0.5563097531849861,2,2.0,1,1,gemma9b-it_not,not,yes
633,0.6223404255319149,0.2124999612569809,0.3688373565673828,0.5418872237205505,0.6168111644567588,3,5.0,1,1,gemma9b-it_not,not,yes
634,0.574468085106383,0.3704608976840973,0.4843618869781494,0.6922653317451477,0.6492282253664337,4,7.0,1,1,gemma9b-it_not,not,yes
635,0.6063829787234043,0.32050663232803345,0.4836016595363617,0.6575847268104553,0.6995667070168048,5,9.0,1,1,gemma9b-it_not,not,yes
636,0.6063829787234043,0.3402293026447296,0.3907076120376587,0.5907554030418396,0.7033482205847977,6,12.0,1,1,gemma9b-it_not,not,yes
637,0.5957446808510638,0.3503914475440979,0.44564691185951233,0.5968614220619202,0.701232961682733,7,14.0,1,1,gemma9b-it_not,not,yes
638,0.5265957446808511,0.0004733861132990569,0.0005941198323853314,0.0310912374407053,0.6678598584811201,8,16.0,1,1,gemma9b-it_not,not,yes
639,0.5212765957446809,0.00015776848886162043,0.00015776848886162043,0.016728084534406662,0.691881557210969,9,19.0,1,1,gemma9b-it_not,not,yes
640,0.5212765957446808,0.00017698855663184077,0.00017698855663184077,0.01681121438741684,0.5912956899577386,10,21.0,2,1,gemma9b-it_not,not,yes
641,0.5159574468085106,0.00013860949547961354,0.00013860949547961354,0.011653068475425243,0.5699889587070571,11,23.0,2,1,gemma9b-it_not,not,yes
642,0.5053191489361702,4.6906989155104384e-05,6.298936204984784e-05,0.008382290601730347,0.7048181170137992,12,26.0,2,1,gemma9b-it_not,not,yes
643,0.5106382978723405,6.628646951867267e-05,6.726144783897325e-05,0.0033970798831433058,0.6567324418205661,13,28.0,2,1,gemma9b-it_not,not,yes
644,0.5106382978723405,4.666707536671311e-05,5.1051436457782984e-05,0.0020543383434414864,0.6610287008548674,14,30.0,2,1,gemma9b-it_not,not,yes
645,0.5,9.468237294640858e-06,1.504575993749313e-05,0.00599047401919961,0.7064301577607959,15,33.0,2,1,gemma9b-it_not,not,yes
646,0.5,2.0688956283265725e-05,3.5136661608703434e-05,0.00861742626875639,0.7053406768031908,16,35.0,2,1,gemma9b-it_not,not,yes
647,0.5159574468085106,6.509088416351005e-05,6.786960875615478e-05,0.005951776634901762,0.6744169686128442,17,37.0,2,1,gemma9b-it_not,not,yes
648,0.5159574468085106,4.1114628402283415e-05,4.874387741438113e-05,0.011211329139769077,0.7049900762789629,18,40.0,2,1,gemma9b-it_not,not,yes
649,0.5053191489361701,3.5602435673354194e-05,3.895516420016065e-05,0.0077331410720944405,0.703966958525755,19,42.0,2,1,gemma9b-it_not,not,yes
650,0.5106382978723405,3.397207910893485e-05,5.499975668499246e-05,0.007403866853564978,0.7060694877273905,20,44.0,2,1,gemma9b-it_not,not,yes
651,0.9627659574468085,0.03834887221455574,0.10439293086528778,0.4558732807636261,0.6233052214477606,21,47.0,3,4,gemma9b-it_not,not,yes
652,0.9574468085106383,0.07033869624137878,0.12581707537174225,0.49792546033859253,0.6231772896679648,22,49.0,3,4,gemma9b-it_not,not,yes
653,0.9627659574468085,0.023020204156637192,0.1223108321428299,0.34190234541893005,0.5250028412714434,23,51.0,3,4,gemma9b-it_not,not,yes
654,0.9627659574468085,0.02194523625075817,0.14551742374897003,0.3657068610191345,0.5439954918936338,24,53.0,3,4,gemma9b-it_not,not,yes
655,0.9468085106382979,0.014425376430153847,0.12142682075500488,0.36719948053359985,0.6207058480629996,25,56.0,3,4,gemma9b-it_not,not,yes
656,0.9468085106382979,0.03500423580408096,0.09088553488254547,0.38521480560302734,0.5168928615231884,26,58.0,3,4,gemma9b-it_not,not,yes
657,0.9521276595744681,0.026276998221874237,0.10675117373466492,0.4081212878227234,0.5898656481335501,27,60.0,3,4,gemma9b-it_not,not,yes
658,0.925531914893617,0.01872975379228592,0.1098327487707138,0.4245275557041168,0.6089747729665846,28,63.0,3,4,gemma9b-it_not,not,yes
659,0.9361702127659575,0.01606571301817894,0.11332474648952484,0.40995219349861145,0.4900740961640086,29,65.0,3,4,gemma9b-it_not,not,yes
660,0.9308510638297872,0.016051510348916054,0.09126310795545578,0.34809836745262146,0.5254661014592702,30,67.0,3,4,gemma9b-it_not,not,yes
661,0.9361702127659575,0.024087456986308098,0.1123151183128357,0.4092888832092285,0.6136549833139686,31,70.0,3,4,gemma9b-it_not,not,yes
662,0.9414893617021277,0.0289168618619442,0.1294030398130417,0.4068576693534851,0.6187791250706973,32,72.0,4,4,gemma9b-it_not,not,yes
663,0.9308510638297872,0.02128387801349163,0.13438403606414795,0.42392274737358093,0.637236576011703,33,74.0,4,4,gemma9b-it_not,not,yes
664,0.9361702127659575,0.03511056303977966,0.11826209723949432,0.39578577876091003,0.4962733908206374,34,77.0,4,4,gemma9b-it_not,not,yes
665,0.9361702127659575,0.03250071033835411,0.13353531062602997,0.35829439759254456,0.5042631064035294,35,79.0,4,4,gemma9b-it_not,not,yes
666,0.9361702127659575,0.04450717940926552,0.12642249464988708,0.44503504037857056,0.5970286991081623,36,81.0,4,4,gemma9b-it_not,not,yes
667,0.9361702127659575,0.026907721534371376,0.11046769469976425,0.44139334559440613,0.4960654440653523,37,84.0,4,4,gemma9b-it_not,not,yes
668,0.925531914893617,0.04774647206068039,0.12618166208267212,0.3819812834262848,0.4989966633389004,38,86.0,4,4,gemma9b-it_not,not,yes
669,0.9308510638297872,0.05382564291357994,0.13438989222049713,0.4102146029472351,0.6271513419695098,39,88.0,4,4,gemma9b-it_not,not,yes
670,0.925531914893617,0.05884028598666191,0.1247035562992096,0.4500654935836792,0.6382798347823346,40,91.0,4,4,gemma9b-it_not,not,yes
671,0.9308510638297872,0.044160500168800354,0.1410919427871704,0.4490565061569214,0.6203473620505154,41,93.0,4,4,gemma9b-it_not,not,yes
672,0.9202127659574468,0.03188249468803406,0.14783254265785217,0.4409315884113312,0.6305777389995166,42,95.0,4,4,gemma9b-it_not,not,yes
673,0.9308510638297872,0.026805389672517776,0.15980997681617737,0.3968486189842224,0.543318260004851,43,98.0,4,4,gemma9b-it_not,not,yes
674,0.5381526104417671,0.0,0.0,0.311536967754364,0.511869858062516,1,0.0,1,1,gemma9b-it_orig,orig,yes
675,0.5421686746987953,0.0469125360250473,0.07641492038965225,0.39740657806396484,0.5274918750664054,2,2.0,1,1,gemma9b-it_orig,orig,yes
676,0.6184738955823293,0.1708822101354599,0.25686827301979065,0.5522329807281494,0.6402618451703158,3,5.0,1,1,gemma9b-it_orig,orig,yes
677,0.5983935742971888,0.36135804653167725,0.4383673071861267,0.6125807762145996,0.6678085642334493,4,7.0,1,1,gemma9b-it_orig,orig,yes
678,0.6024096385542168,0.3541422486305237,0.451163649559021,0.630327045917511,0.7005240458283201,5,9.0,1,1,gemma9b-it_orig,orig,yes
679,0.6184738955823293,0.3126233220100403,0.39724522829055786,0.6648725271224976,0.6890610888226242,6,12.0,1,1,gemma9b-it_orig,orig,yes
680,0.642570281124498,0.3218308389186859,0.3928185999393463,0.5698801279067993,0.701676711909412,7,14.0,1,2,gemma9b-it_orig,orig,yes
681,0.6706827309236948,0.03196720778942108,0.03757959604263306,0.20739546418190002,0.38930167798010523,8,16.0,1,2,gemma9b-it_orig,orig,yes
682,0.678714859437751,0.017625965178012848,0.0376473069190979,0.14299876987934113,0.7069521887901136,9,19.0,1,2,gemma9b-it_orig,orig,yes
683,0.678714859437751,0.03313978388905525,0.03449308127164841,0.19301004707813263,0.4549099847464956,10,21.0,2,2,gemma9b-it_orig,orig,yes
684,0.6827309236947792,0.03728584945201874,0.042312465608119965,0.20321230590343475,0.7065084820419602,11,23.0,2,2,gemma9b-it_orig,orig,yes
685,0.6746987951807228,0.033178336918354034,0.04573586583137512,0.18573030829429626,0.6947679374210375,12,26.0,2,2,gemma9b-it_orig,orig,yes
686,0.6746987951807228,0.02212083525955677,0.04246737062931061,0.16803129017353058,0.5358460773547735,13,28.0,2,2,gemma9b-it_orig,orig,yes
687,0.6746987951807228,0.025973647832870483,0.04587768018245697,0.1486368328332901,0.7062619873806281,14,30.0,2,2,gemma9b-it_orig,orig,yes
688,0.6827309236947792,0.038237106055021286,0.05325809121131897,0.16409918665885925,0.7067610806308057,15,33.0,2,2,gemma9b-it_orig,orig,yes
689,0.6827309236947792,0.05216860771179199,0.061710767447948456,0.1430366337299347,0.706714739596352,16,35.0,2,2,gemma9b-it_orig,orig,yes
690,0.6827309236947792,0.04846689850091934,0.05651149898767471,0.15740545094013214,0.7066973935627318,17,37.0,2,2,gemma9b-it_orig,orig,yes
691,0.6867469879518072,0.017566651105880737,0.045148901641368866,0.25039008259773254,0.6076210368091096,18,40.0,2,2,gemma9b-it_orig,orig,yes
692,0.6706827309236948,0.04011911898851395,0.04374821484088898,0.24132592976093292,0.65363727291442,19,42.0,2,2,gemma9b-it_orig,orig,yes
693,0.6867469879518072,0.04113971069455147,0.04609592258930206,0.25587695837020874,0.5220429178624767,20,44.0,2,2,gemma9b-it_orig,orig,yes
694,0.9799196787148594,0.05522294342517853,0.07531512528657913,0.3468014597892761,0.5098900394283283,21,47.0,3,4,gemma9b-it_orig,orig,yes
695,0.963855421686747,0.05582194775342941,0.11833910644054413,0.36392927169799805,0.4769530842377917,22,49.0,3,4,gemma9b-it_orig,orig,yes
696,0.9759036144578314,0.03864014521241188,0.09258436411619186,0.3067665994167328,0.46516307839893895,23,51.0,3,4,gemma9b-it_orig,orig,yes
697,0.9759036144578314,0.026992227882146835,0.0642460435628891,0.3768635094165802,0.6092434289119087,24,53.0,3,4,gemma9b-it_orig,orig,yes
698,0.9759036144578314,0.03933536261320114,0.07466357946395874,0.35936108231544495,0.4834591831586275,25,56.0,3,4,gemma9b-it_orig,orig,yes
699,0.9718875502008032,0.04044880345463753,0.08514774590730667,0.3565879166126251,0.47778954452876676,26,58.0,3,4,gemma9b-it_orig,orig,yes
700,0.9718875502008032,0.04660598561167717,0.08129572123289108,0.37158793210983276,0.49117755358272347,27,60.0,3,4,gemma9b-it_orig,orig,yes
701,0.9678714859437751,0.033659450709819794,0.09812945872545242,0.395376592874527,0.6111343396950155,28,63.0,3,4,gemma9b-it_orig,orig,yes
702,0.9598393574297188,0.06325217336416245,0.09914902597665787,0.3787631690502167,0.5034272086122077,29,65.0,3,4,gemma9b-it_orig,orig,yes
703,0.9598393574297188,0.042876195162534714,0.08867745846509933,0.3552040159702301,0.5128218242800769,30,67.0,3,4,gemma9b-it_orig,orig,yes
704,0.9678714859437751,0.0635349303483963,0.10642780363559723,0.44378435611724854,0.6040467574442677,31,70.0,3,4,gemma9b-it_orig,orig,yes
705,0.9678714859437751,0.04649348929524422,0.08778379112482071,0.39838945865631104,0.601504767141242,32,72.0,4,4,gemma9b-it_orig,orig,yes
706,0.9678714859437751,0.06200213357806206,0.10928193479776382,0.42027747631073,0.5998850568226601,33,74.0,4,4,gemma9b-it_orig,orig,yes
707,0.963855421686747,0.04627135023474693,0.08980187028646469,0.4333832561969757,0.615564146063026,34,77.0,4,4,gemma9b-it_orig,orig,yes
708,0.9678714859437751,0.06112223118543625,0.1100751981139183,0.4523371458053589,0.615031720116154,35,79.0,4,4,gemma9b-it_orig,orig,yes
709,0.963855421686747,0.05638571083545685,0.11612686514854431,0.46872368454933167,0.6291719053514089,36,81.0,4,4,gemma9b-it_orig,orig,yes
710,0.9598393574297188,0.055102791637182236,0.12235457450151443,0.36674463748931885,0.47874366589623824,37,84.0,4,4,gemma9b-it_orig,orig,yes
711,0.9598393574297188,0.05538753792643547,0.10816141217947006,0.37184464931488037,0.4683989251932788,38,86.0,4,4,gemma9b-it_orig,orig,yes
712,0.963855421686747,0.037556909024715424,0.130743145942688,0.3980129659175873,0.4883866313291441,39,88.0,4,4,gemma9b-it_orig,orig,yes
713,0.963855421686747,0.039877116680145264,0.08955851942300797,0.4290403723716736,0.6088444127994027,40,91.0,4,4,gemma9b-it_orig,orig,yes
714,0.963855421686747,0.04415738955140114,0.1055704653263092,0.4387178421020508,0.6268335097764515,41,93.0,4,4,gemma9b-it_orig,orig,yes
715,0.963855421686747,0.0483928844332695,0.1151237040758133,0.3460659384727478,0.4899653964833213,42,95.0,4,4,gemma9b-it_orig,orig,yes
716,0.9598393574297188,0.042740799486637115,0.13655193150043488,0.3592036962509155,0.48395650013721064,43,98.0,4,4,gemma9b-it_orig,orig,yes
