,accuracy,polar_consistency_↓,abs_agreement_score,contradiction_idx_↓,ideal model dist ↓,layer_number,relative_postion,perc_cluster,accuracy_cluster,index,dataset,finetune,type
0,0.516,-8.881784197001252e-16,8.881784197001252e-16,0.320039302110672,0.509897134712995,1,0.0,1,1,decoder_base_ttt,ttt,no,decoder
1,0.536,0.011133353225886822,0.07161661982536316,0.3982919454574585,0.5389552821043629,2,8.0,1,1,decoder_base_ttt,ttt,no,decoder
2,0.508,0.09652308374643326,0.18291327357292175,0.48261508345603943,0.593667024137203,3,15.0,2,1,decoder_base_ttt,ttt,no,decoder
3,0.536,0.15952107310295105,0.2646884322166443,0.5440281629562378,0.6013393426999369,4,23.0,2,1,decoder_base_ttt,ttt,no,decoder
4,0.56,0.16231629252433777,0.271062970161438,0.5387485027313232,0.6127794571211915,5,31.0,2,1,decoder_base_ttt,ttt,no,decoder
5,0.552,0.18821179866790771,0.3478369414806366,0.5586932897567749,0.6362306699856044,6,38.0,3,1,decoder_base_ttt,ttt,no,decoder
6,0.56,0.2301066666841507,0.31503432989120483,0.533833920955658,0.6320524193378517,7,46.0,3,1,decoder_base_ttt,ttt,no,decoder
7,0.512,0.1458379030227661,0.245014488697052,0.5335125923156738,0.656420588537534,8,54.0,3,1,decoder_base_ttt,ttt,no,decoder
8,0.5680000000000001,0.1809699535369873,0.30251461267471313,0.5146849155426025,0.6576220140363968,9,62.0,4,1,decoder_base_ttt,ttt,no,decoder
9,0.524,0.3406144380569458,0.4323815107345581,0.6416346430778503,0.6607698544418095,10,69.0,4,1,decoder_base_ttt,ttt,no,decoder
10,0.54,0.27034956216812134,0.490177720785141,0.683275580406189,0.6538777873570071,11,77.0,4,1,decoder_base_ttt,ttt,no,decoder
11,0.552,0.21138730645179749,0.48006755113601685,0.6734394431114197,0.6343770468071541,12,85.0,4,1,decoder_base_ttt,ttt,no,decoder
12,0.524,0.012617800384759903,0.026867689564824104,0.361789345741272,0.5082525841806612,13,92.0,4,1,decoder_base_ttt,ttt,no,decoder
13,0.516,-1.4210854715202004e-14,1.4210854715202004e-14,0.3200368583202362,0.509897432725302,1,0.0,1,1,decoder_large_ttt,ttt,no,decoder
14,0.54,0.05561496317386627,0.06734853237867355,0.2721298336982727,0.6640294585653479,2,3.0,1,1,decoder_large_ttt,ttt,no,decoder
15,0.532,0.024314600974321365,0.02492835372686386,0.2477022409439087,0.688540404556776,3,5.0,1,1,decoder_large_ttt,ttt,no,decoder
16,0.532,0.01676168479025364,0.017079902812838554,0.27472546696662903,0.4068516226386256,4,8.0,1,1,decoder_large_ttt,ttt,no,decoder
17,0.54,0.018165692687034607,0.018165692687034607,0.2804088294506073,0.6805138068841776,5,11.0,1,1,decoder_large_ttt,ttt,no,decoder
18,0.524,0.19791530072689056,0.2821660041809082,0.5500650405883789,0.6070780709894995,6,14.0,1,1,decoder_large_ttt,ttt,no,decoder
19,0.552,0.264915406703949,0.3367580771446228,0.573763906955719,0.6199907625075476,7,16.0,1,1,decoder_large_ttt,ttt,no,decoder
20,0.552,0.3127899765968323,0.38630571961402893,0.6294043064117432,0.6593030434687495,8,19.0,1,1,decoder_large_ttt,ttt,no,decoder
21,0.512,0.42006731033325195,0.5060104727745056,0.681709349155426,0.6559106337966877,9,22.0,2,1,decoder_large_ttt,ttt,no,decoder
22,0.556,0.12178275734186172,0.1509709656238556,0.3986873924732208,0.6503544080145931,10,24.0,2,1,decoder_large_ttt,ttt,no,decoder
23,0.584,0.24486848711967468,0.3173513412475586,0.5828887224197388,0.6573245518922676,11,27.0,2,1,decoder_large_ttt,ttt,no,decoder
24,0.6,0.277965784072876,0.3389663100242615,0.5576258897781372,0.649313230407028,12,30.0,2,1,decoder_large_ttt,ttt,no,decoder
25,0.624,0.23620425164699554,0.2825154960155487,0.5257510542869568,0.6813540104118513,13,32.0,2,1,decoder_large_ttt,ttt,no,decoder
26,0.628,0.240787535905838,0.2911844551563263,0.5931907892227173,0.6493060117176308,14,35.0,2,2,decoder_large_ttt,ttt,no,decoder
27,0.628,0.23790739476680756,0.2634619474411011,0.5042747855186462,0.6734819560452425,15,38.0,2,2,decoder_large_ttt,ttt,no,decoder
28,0.656,0.30650752782821655,0.34567177295684814,0.5847961902618408,0.6966250851817387,16,41.0,2,2,decoder_large_ttt,ttt,no,decoder
29,0.636,0.3700944185256958,0.41600602865219116,0.6166144609451294,0.6957866065610447,17,43.0,2,2,decoder_large_ttt,ttt,no,decoder
30,0.64,0.44905391335487366,0.5048474669456482,0.6674104332923889,0.6865160066686677,18,46.0,3,2,decoder_large_ttt,ttt,no,decoder
31,0.628,0.40591534972190857,0.5167233943939209,0.6647040843963623,0.6838237681939991,19,49.0,3,2,decoder_large_ttt,ttt,no,decoder
32,0.644,0.4141235053539276,0.5189248323440552,0.6907755136489868,0.6808403658035351,20,51.0,3,2,decoder_large_ttt,ttt,no,decoder
33,0.632,0.4891778230667114,0.585695207118988,0.7626564502716064,0.6982612803848879,21,54.0,3,2,decoder_large_ttt,ttt,no,decoder
34,0.64,0.41556715965270996,0.584936261177063,0.7260713577270508,0.6984288935362901,22,57.0,3,2,decoder_large_ttt,ttt,no,decoder
35,0.624,0.43082094192504883,0.6710322499275208,0.7892135977745056,0.6999006898987294,23,59.0,3,1,decoder_large_ttt,ttt,no,decoder
36,0.636,0.4170370101928711,0.5942301154136658,0.7517707943916321,0.6888289119922878,24,62.0,3,2,decoder_large_ttt,ttt,no,decoder
37,0.624,0.46991419792175293,0.548596978187561,0.7129431962966919,0.6983267890880704,25,65.0,3,1,decoder_large_ttt,ttt,no,decoder
38,0.62,0.36187976598739624,0.42766767740249634,0.6213592886924744,0.694987997701909,26,68.0,3,1,decoder_large_ttt,ttt,no,decoder
39,0.66,0.4701291620731354,0.5233539938926697,0.6823122501373291,0.6859267400473688,27,70.0,4,2,decoder_large_ttt,ttt,no,decoder
40,0.632,0.391731858253479,0.45099937915802,0.6173467636108398,0.6995613623587568,28,73.0,4,2,decoder_large_ttt,ttt,no,decoder
41,0.62,0.3853350877761841,0.4131101369857788,0.6114453077316284,0.6798243378795308,29,76.0,4,1,decoder_large_ttt,ttt,no,decoder
42,0.612,0.35693803429603577,0.44711166620254517,0.6781192421913147,0.6795516480839344,30,78.0,4,1,decoder_large_ttt,ttt,no,decoder
43,0.612,0.3833072781562805,0.46137142181396484,0.6880131363868713,0.6797901807175739,31,81.0,4,1,decoder_large_ttt,ttt,no,decoder
44,0.624,0.38246414065361023,0.4690692722797394,0.6653223037719727,0.6780272957582824,32,84.0,4,1,decoder_large_ttt,ttt,no,decoder
45,0.6,0.48982876539230347,0.604218602180481,0.7340540289878845,0.6706625286403777,33,86.0,4,1,decoder_large_ttt,ttt,no,decoder
46,0.616,0.3625783324241638,0.4403159022331238,0.6376919150352478,0.6882692450362353,34,89.0,4,1,decoder_large_ttt,ttt,no,decoder
47,0.612,0.3038637042045593,0.39975833892822266,0.5661169290542603,0.6809651972395044,35,92.0,4,1,decoder_large_ttt,ttt,no,decoder
48,0.616,0.2880443334579468,0.40150246024131775,0.578587532043457,0.672033287897967,36,95.0,4,1,decoder_large_ttt,ttt,no,decoder
49,0.612,0.4524771571159363,0.5296000242233276,0.6781123876571655,0.6933758195152311,37,97.0,4,1,decoder_large_ttt,ttt,no,decoder
50,0.516,0.0,0.0,0.32004067301750183,0.5098969652569608,1,0.0,1,1,decoder_neo_pretr_ttt,ttt,yes,decoder
51,0.6,0.0029537412337958813,0.005264952778816223,0.34328457713127136,0.508789085852039,2,8.0,1,1,decoder_neo_pretr_ttt,ttt,yes,decoder
52,0.576,0.0013564367545768619,0.00380824226886034,0.3376154899597168,0.5079128907218888,3,15.0,2,1,decoder_neo_pretr_ttt,ttt,yes,decoder
53,0.552,0.002310551702976227,0.011340081691741943,0.3498745858669281,0.5174011816731209,4,23.0,2,1,decoder_neo_pretr_ttt,ttt,yes,decoder
54,0.572,0.026455696672201157,0.03704574331641197,0.3918079733848572,0.5075014112234064,5,31.0,2,1,decoder_neo_pretr_ttt,ttt,yes,decoder
55,0.588,0.04538046941161156,0.07751351594924927,0.4211388826370239,0.5232883231766118,6,38.0,3,1,decoder_neo_pretr_ttt,ttt,yes,decoder
56,0.564,0.07337573170661926,0.10525606572628021,0.44999781250953674,0.5288023096528128,7,46.0,3,1,decoder_neo_pretr_ttt,ttt,yes,decoder
57,0.568,0.08282771706581116,0.12152056396007538,0.45871901512145996,0.540527840850028,8,54.0,3,1,decoder_neo_pretr_ttt,ttt,yes,decoder
58,0.556,0.088926762342453,0.15436384081840515,0.47809168696403503,0.5483376905796334,9,62.0,4,1,decoder_neo_pretr_ttt,ttt,yes,decoder
59,0.576,0.09868969023227692,0.13731606304645538,0.4514774680137634,0.5515636716026714,10,69.0,4,1,decoder_neo_pretr_ttt,ttt,yes,decoder
60,0.572,0.1449979990720749,0.17959286272525787,0.4965231716632843,0.5870321807657053,11,77.0,4,1,decoder_neo_pretr_ttt,ttt,yes,decoder
61,0.572,0.14905649423599243,0.22096918523311615,0.506695568561554,0.5943860697376785,12,85.0,4,1,decoder_neo_pretr_ttt,ttt,yes,decoder
62,0.556,0.1054283082485199,0.19803102314472198,0.48553144931793213,0.6312426405730207,13,92.0,4,1,decoder_neo_pretr_ttt,ttt,yes,decoder
63,0.516,0.0,0.0,0.3200342357158661,0.5098977541160038,1,0.0,1,1,enc_base_ttt,ttt,no,encoder
64,0.5840000000000001,0.0009671649313531816,0.007481425069272518,0.33731603622436523,0.5245315476327601,2,8.0,1,1,enc_base_ttt,ttt,no,encoder
65,0.544,0.004381231497973204,0.04257657378911972,0.37816789746284485,0.5179092911122777,3,15.0,2,1,enc_base_ttt,ttt,no,encoder
66,0.572,0.008916190825402737,0.03994644805788994,0.3494841456413269,0.5127402229260145,4,23.0,2,1,enc_base_ttt,ttt,no,encoder
67,0.584,0.02938581444323063,0.06991033256053925,0.4035668969154358,0.5290006149850051,5,31.0,2,1,enc_base_ttt,ttt,no,encoder
68,0.6,0.03586195409297943,0.06859105825424194,0.39525002241134644,0.5403975020625735,6,38.0,3,1,enc_base_ttt,ttt,no,encoder
69,0.588,0.06360705941915512,0.1353698968887329,0.4307987689971924,0.5708348363626831,7,46.0,3,1,enc_base_ttt,ttt,no,encoder
70,0.596,0.0728432759642601,0.13441869616508484,0.4134647250175476,0.5646823863452867,8,54.0,3,1,enc_base_ttt,ttt,no,encoder
71,0.588,0.04464803636074066,0.1262713372707367,0.40145862102508545,0.5725136740729018,9,62.0,4,1,enc_base_ttt,ttt,no,encoder
72,0.6,0.06504377722740173,0.1219402551651001,0.4126528203487396,0.5680694722548385,10,69.0,4,1,enc_base_ttt,ttt,no,encoder
73,0.588,0.041041433811187744,0.11552450805902481,0.43538928031921387,0.5579664216720507,11,77.0,4,1,enc_base_ttt,ttt,no,encoder
74,0.584,0.06369900703430176,0.10708155483007431,0.4111296832561493,0.5549476778739019,12,85.0,4,1,enc_base_ttt,ttt,no,encoder
75,0.592,0.000400588265620172,0.004803291521966457,0.327659547328949,0.5092379174734165,13,92.0,4,1,enc_base_ttt,ttt,no,encoder
76,0.516,0.0,0.0,0.3200397193431854,0.5098970821230403,1,0.0,1,1,enc_large_ttt,ttt,no,encoder
77,0.548,-0.0007865849183872342,0.0030708475969731808,0.33347126841545105,0.5102842995194236,2,4.0,1,1,enc_large_ttt,ttt,no,encoder
78,0.5880000000000001,0.005501176230609417,0.009446687065064907,0.34487801790237427,0.5190869986661747,3,8.0,1,1,enc_large_ttt,ttt,no,encoder
79,0.516,0.0004052409785799682,0.008652733638882637,0.3487040400505066,0.5090872976061939,4,12.0,1,1,enc_large_ttt,ttt,no,encoder
80,0.56,0.004614459350705147,0.010356947779655457,0.34682992100715637,0.509776015070487,5,16.0,1,1,enc_large_ttt,ttt,no,encoder
81,0.504,0.0016696344828233123,0.008761400356888771,0.334158718585968,0.5098107153510405,6,20.0,2,1,enc_large_ttt,ttt,no,encoder
82,0.528,0.0022558546625077724,0.04037607088685036,0.39180895686149597,0.5295657795278439,7,24.0,2,1,enc_large_ttt,ttt,no,encoder
83,0.576,0.004888358525931835,0.010260846465826035,0.34319835901260376,0.5090021230001996,8,28.0,2,1,enc_large_ttt,ttt,no,encoder
84,0.54,0.01387329027056694,0.01828463189303875,0.3398091495037079,0.5314779312601619,9,32.0,2,1,enc_large_ttt,ttt,no,encoder
85,0.56,0.023496082052588463,0.034467052668333054,0.3768714368343353,0.5135116475819769,10,36.0,2,1,enc_large_ttt,ttt,no,encoder
86,0.568,0.02154691144824028,0.03550612926483154,0.3659237027168274,0.5211117190010793,11,40.0,2,1,enc_large_ttt,ttt,no,encoder
87,0.552,0.07670632749795914,0.13818256556987762,0.46484947204589844,0.5718993660102283,12,44.0,3,1,enc_large_ttt,ttt,no,encoder
88,0.552,0.07196660339832306,0.13957156240940094,0.4778035879135132,0.5901745512503841,13,48.0,3,1,enc_large_ttt,ttt,no,encoder
89,0.54,0.088666632771492,0.14157888293266296,0.4416111707687378,0.5983886689732314,14,52.0,3,1,enc_large_ttt,ttt,no,encoder
90,0.54,0.14421230554580688,0.21333521604537964,0.49321478605270386,0.6285233135545306,15,56.0,3,1,enc_large_ttt,ttt,no,encoder
91,0.56,0.12236133217811584,0.2096102237701416,0.506705641746521,0.6314405318886177,16,60.0,3,1,enc_large_ttt,ttt,no,encoder
92,0.5840000000000001,0.11198663711547852,0.249129980802536,0.44320231676101685,0.6504210137203128,17,64.0,3,1,enc_large_ttt,ttt,no,encoder
93,0.576,0.10236772894859314,0.2241116464138031,0.4962500035762787,0.626658574352015,18,68.0,4,1,enc_large_ttt,ttt,no,encoder
94,0.5800000000000001,0.10996831208467484,0.1742529720067978,0.4217018485069275,0.6504460709535881,19,72.0,4,1,enc_large_ttt,ttt,no,encoder
95,0.58,0.0979098230600357,0.17149412631988525,0.4721674621105194,0.608605379376562,20,76.0,4,1,enc_large_ttt,ttt,no,encoder
96,0.568,0.08478280901908875,0.14280018210411072,0.45039746165275574,0.5978072685013206,21,80.0,4,1,enc_large_ttt,ttt,no,encoder
97,0.584,0.08813993632793427,0.1530892550945282,0.4445672035217285,0.5870512934691594,22,84.0,4,1,enc_large_ttt,ttt,no,encoder
98,0.568,0.061447516083717346,0.12513716518878937,0.41547513008117676,0.562067529417187,23,88.0,4,1,enc_large_ttt,ttt,no,encoder
99,0.572,0.043540433049201965,0.10749978572130203,0.3858214020729065,0.5500034559230284,24,92.0,4,1,enc_large_ttt,ttt,no,encoder
100,0.592,0.046575792133808136,0.06459309905767441,0.3951539695262909,0.5262803939102842,25,96.0,4,1,enc_large_ttt,ttt,no,encoder
101,0.516,0.0,0.0,0.3200397193431854,0.5098970821230403,1,0.0,1,1,enc_large_pretr_ttt,ttt,yes,encoder
102,0.544,0.0008888375014066696,0.004852548707276583,0.32507333159446716,0.5063641742587355,2,4.0,1,1,enc_large_pretr_ttt,ttt,yes,encoder
103,0.556,0.0020096395164728165,0.010851898230612278,0.3433205485343933,0.5198228541381641,3,8.0,1,1,enc_large_pretr_ttt,ttt,yes,encoder
104,0.5720000000000001,0.008433273062109947,0.01767607592046261,0.34417468309402466,0.5087956071090272,4,12.0,1,1,enc_large_pretr_ttt,ttt,yes,encoder
105,0.524,0.0007723380695097148,0.08853058516979218,0.39654502272605896,0.5423058452401818,5,16.0,1,1,enc_large_pretr_ttt,ttt,yes,encoder
106,0.544,0.0215492844581604,0.04362835735082626,0.36859744787216187,0.5274556151295038,6,20.0,2,1,enc_large_pretr_ttt,ttt,yes,encoder
107,0.508,0.012745700776576996,0.07833043485879898,0.41393613815307617,0.5493628645578092,7,24.0,2,1,enc_large_pretr_ttt,ttt,yes,encoder
108,0.508,0.00948422309011221,0.07700292021036148,0.4205951690673828,0.540712619888586,8,28.0,2,1,enc_large_pretr_ttt,ttt,yes,encoder
109,0.508,-0.004395419731736183,0.05167900770902634,0.38099217414855957,0.5204636340317111,9,32.0,2,1,enc_large_pretr_ttt,ttt,yes,encoder
110,0.516,0.0021908024791628122,0.14303836226463318,0.4823540449142456,0.5725228072238192,10,36.0,2,1,enc_large_pretr_ttt,ttt,yes,encoder
111,0.536,0.012500329874455929,0.03303347900509834,0.3643779158592224,0.5178626848806414,11,40.0,2,1,enc_large_pretr_ttt,ttt,yes,encoder
112,0.524,-0.013409188948571682,0.03143535181879997,0.35512062907218933,0.5196206139799314,12,44.0,3,1,enc_large_pretr_ttt,ttt,yes,encoder
113,0.56,0.0071715484373271465,0.010798893868923187,0.3357948064804077,0.5354230660673237,13,48.0,3,1,enc_large_pretr_ttt,ttt,yes,encoder
114,0.5640000000000001,0.003496540244668722,0.0052235727198421955,0.331093966960907,0.49568683973496036,14,52.0,3,1,enc_large_pretr_ttt,ttt,yes,encoder
115,0.508,0.00783885084092617,0.02943003922700882,0.37167561054229736,0.533270125825584,15,56.0,3,1,enc_large_pretr_ttt,ttt,yes,encoder
116,0.504,0.0009186547831632197,0.01599743589758873,0.3455333113670349,0.5179070530705125,16,60.0,3,1,enc_large_pretr_ttt,ttt,yes,encoder
117,0.5640000000000001,0.017384592443704605,0.021677158772945404,0.3428192138671875,0.49901762559990054,17,64.0,3,1,enc_large_pretr_ttt,ttt,yes,encoder
118,0.656,0.000963599537499249,0.01871589384973049,0.35026663541793823,0.5174922741493987,18,68.0,4,2,enc_large_pretr_ttt,ttt,yes,encoder
119,0.6,-0.0058967056684195995,0.017404939979314804,0.3535241186618805,0.5204427280725274,19,72.0,4,1,enc_large_pretr_ttt,ttt,yes,encoder
120,0.648,0.10339092463254929,0.26956549286842346,0.5404847860336304,0.5851856757362003,20,76.0,4,2,enc_large_pretr_ttt,ttt,yes,encoder
121,0.632,0.12573114037513733,0.39957988262176514,0.5825496912002563,0.6833976228650268,21,80.0,4,2,enc_large_pretr_ttt,ttt,yes,encoder
122,0.628,0.16165773570537567,0.3928927183151245,0.593517005443573,0.6726881358133883,22,84.0,4,2,enc_large_pretr_ttt,ttt,yes,encoder
123,0.628,0.15722018480300903,0.3157816529273987,0.601756751537323,0.6110300971238575,23,88.0,4,2,enc_large_pretr_ttt,ttt,yes,encoder
124,0.612,0.16564898192882538,0.35995620489120483,0.5705329179763794,0.6156514875937233,24,92.0,4,1,enc_large_pretr_ttt,ttt,yes,encoder
125,0.62,0.09297074377536774,0.30408626794815063,0.5313196182250977,0.6345080524661161,25,96.0,4,1,enc_large_pretr_ttt,ttt,yes,encoder
126,0.516,0.0,0.0,0.3200342357158661,0.5098977541160038,1,0.0,1,1,enc_dec_base_ttt,ttt,no,encoder
127,0.5680000000000001,0.031177446246147156,0.047338612377643585,0.356570839881897,0.5271735648388376,2,8.0,1,1,enc_dec_base_ttt,ttt,no,encoder
128,0.56,0.030417704954743385,0.05150442570447922,0.3713454306125641,0.5202136356302766,3,15.0,2,1,enc_dec_base_ttt,ttt,no,encoder
129,0.5800000000000001,0.0312378890812397,0.056835345923900604,0.3765176832675934,0.5335882796386135,4,23.0,2,1,enc_dec_base_ttt,ttt,no,encoder
130,0.588,0.020438389852643013,0.03878112882375717,0.36829525232315063,0.5337848250542074,5,31.0,2,1,enc_dec_base_ttt,ttt,no,encoder
131,0.572,0.028591258451342583,0.09292750060558319,0.4076325595378876,0.5368654338503219,6,38.0,3,1,enc_dec_base_ttt,ttt,no,encoder
132,0.576,0.050951261073350906,0.2102084457874298,0.4604485332965851,0.5728617471957537,7,46.0,3,1,enc_dec_base_ttt,ttt,no,encoder
133,0.5760000000000001,0.07356350123882294,0.41952091455459595,0.5981984734535217,0.6681715477703704,8,54.0,3,1,enc_dec_base_ttt,ttt,no,encoder
134,0.5800000000000001,0.0546221025288105,0.36802923679351807,0.617703914642334,0.6650069640900481,9,62.0,4,1,enc_dec_base_ttt,ttt,no,encoder
135,0.5760000000000001,0.07244586944580078,0.41309434175491333,0.6440514326095581,0.655115087404498,10,69.0,4,1,enc_dec_base_ttt,ttt,no,encoder
136,0.588,0.07088739424943924,0.43103113770484924,0.6445612907409668,0.6498906997784611,11,77.0,4,1,enc_dec_base_ttt,ttt,no,encoder
137,0.596,0.03564929962158203,0.4263647794723511,0.6116191148757935,0.6571662247483455,12,85.0,4,1,enc_dec_base_ttt,ttt,no,encoder
138,0.596,0.07767429202795029,0.35315895080566406,0.6055045127868652,0.6605640315545316,13,92.0,4,1,enc_dec_base_ttt,ttt,no,encoder
139,0.516,0.0,0.0,0.3200342357158661,0.5098977541160038,1,0.0,1,1,enc_dec_base_decoder_ttt,ttt,no,decoder
140,0.596,0.0039026772137731314,0.03582262992858887,0.3647270202636719,0.519416600177344,2,8.0,1,1,enc_dec_base_decoder_ttt,ttt,no,decoder
141,0.584,0.01055249385535717,0.05787516012787819,0.3782083988189697,0.5263095750202323,3,15.0,2,1,enc_dec_base_decoder_ttt,ttt,no,decoder
142,0.596,0.006146504543721676,0.029280729591846466,0.3543201684951782,0.5182252160268835,4,23.0,2,1,enc_dec_base_decoder_ttt,ttt,no,decoder
143,0.588,0.0015153188724070787,0.021079737693071365,0.35317158699035645,0.5151952348222333,5,31.0,2,1,enc_dec_base_decoder_ttt,ttt,no,decoder
144,0.6,0.003979810047894716,0.02105860970914364,0.34702950716018677,0.5177712843009487,6,38.0,3,1,enc_dec_base_decoder_ttt,ttt,no,decoder
145,0.592,0.00031303311698138714,0.025189697742462158,0.3478531241416931,0.5205862253387045,7,46.0,3,1,enc_dec_base_decoder_ttt,ttt,no,decoder
146,0.564,0.004234391264617443,0.04260583221912384,0.3758115768432617,0.5272617714788365,8,54.0,3,1,enc_dec_base_decoder_ttt,ttt,no,decoder
147,0.56,0.017309347167611122,0.06039376184344292,0.3914223313331604,0.5331967029378707,9,62.0,4,1,enc_dec_base_decoder_ttt,ttt,no,decoder
148,0.568,0.010062040761113167,0.07050903141498566,0.37800782918930054,0.5379157899732643,10,69.0,4,1,enc_dec_base_decoder_ttt,ttt,no,decoder
149,0.584,0.014737186953425407,0.08105297386646271,0.39549577236175537,0.5296456794569148,11,77.0,4,1,enc_dec_base_decoder_ttt,ttt,no,decoder
150,0.532,0.06030943989753723,0.14988377690315247,0.43688541650772095,0.5853331412037177,12,85.0,4,1,enc_dec_base_decoder_ttt,ttt,no,decoder
151,0.512,0.02244352363049984,0.17338120937347412,0.45223724842071533,0.58688687492977,13,92.0,4,1,enc_dec_base_decoder_ttt,ttt,no,decoder
152,0.516,0.0,0.0,0.3200342357158661,0.5098977541160038,1,0.0,1,1,enc_dec_hate_ttt,ttt,no,encoder
153,0.548,0.026515277102589607,0.03872798755764961,0.3374628722667694,0.5115429556337928,2,8.0,1,1,enc_dec_hate_ttt,ttt,no,encoder
154,0.5760000000000001,0.03243996575474739,0.05750910937786102,0.3791729211807251,0.5394576583539922,3,15.0,2,1,enc_dec_hate_ttt,ttt,no,encoder
155,0.556,0.03683122992515564,0.10646462440490723,0.4335861802101135,0.5835273145797307,4,23.0,2,1,enc_dec_hate_ttt,ttt,no,encoder
156,0.5640000000000001,0.03880445286631584,0.11121506243944168,0.43199315667152405,0.5751702437054187,5,31.0,2,1,enc_dec_hate_ttt,ttt,no,encoder
157,0.64,0.046643782407045364,0.06737317144870758,0.38873451948165894,0.5620503327243428,6,38.0,3,2,enc_dec_hate_ttt,ttt,no,encoder
158,0.592,0.04363907501101494,0.06461959332227707,0.30803564190864563,0.6016519742632054,7,46.0,3,1,enc_dec_hate_ttt,ttt,no,encoder
159,0.5840000000000001,0.0837012454867363,0.15646976232528687,0.34939396381378174,0.6679372617688003,8,54.0,3,1,enc_dec_hate_ttt,ttt,no,encoder
160,0.5840000000000001,0.13267676532268524,0.21369072794914246,0.43562811613082886,0.6488294802833042,9,62.0,4,1,enc_dec_hate_ttt,ttt,no,encoder
161,0.58,0.10107730329036713,0.14034831523895264,0.40920788049697876,0.6453574995473711,10,69.0,4,1,enc_dec_hate_ttt,ttt,no,encoder
162,0.548,0.13052645325660706,0.25826188921928406,0.4697290062904358,0.6241000882938355,11,77.0,4,1,enc_dec_hate_ttt,ttt,no,encoder
163,0.516,0.04887629672884941,0.26764294505119324,0.44546574354171753,0.6536112641007313,12,85.0,4,1,enc_dec_hate_ttt,ttt,no,encoder
164,0.516,0.16300973296165466,0.25745663046836853,0.5169235467910767,0.638693045665439,13,92.0,4,1,enc_dec_hate_ttt,ttt,no,encoder
165,0.516,0.0,0.0,0.3200342357158661,0.5098977541160038,1,0.0,1,1,enc_dec_hate_decoder_ttt,ttt,no,decoder
166,0.528,0.010599509812891483,0.02804095856845379,0.3682793080806732,0.5175695421212564,2,8.0,1,1,enc_dec_hate_decoder_ttt,ttt,no,decoder
167,0.532,0.016539238393306732,0.04462350159883499,0.3752003312110901,0.5207074013794681,3,15.0,2,1,enc_dec_hate_decoder_ttt,ttt,no,decoder
168,0.532,0.006585263181477785,0.023722544312477112,0.35356396436691284,0.5175104197668448,4,23.0,2,1,enc_dec_hate_decoder_ttt,ttt,no,decoder
169,0.528,0.003945282194763422,0.016611427068710327,0.34772416949272156,0.5101360754139527,5,31.0,2,1,enc_dec_hate_decoder_ttt,ttt,no,decoder
170,0.56,0.007967912591993809,0.016959451138973236,0.3500901460647583,0.5079437845063359,6,38.0,3,1,enc_dec_hate_decoder_ttt,ttt,no,decoder
171,0.524,0.010840707458555698,0.026252727955579758,0.3631124496459961,0.5252666803480854,7,46.0,3,1,enc_dec_hate_decoder_ttt,ttt,no,decoder
172,0.532,0.02049659937620163,0.041186414659023285,0.3710080087184906,0.5207379759123123,8,54.0,3,1,enc_dec_hate_decoder_ttt,ttt,no,decoder
173,0.528,0.016168737784028053,0.0467701219022274,0.3729751706123352,0.5356926945328604,9,62.0,4,1,enc_dec_hate_decoder_ttt,ttt,no,decoder
174,0.528,0.022117454558610916,0.0712694451212883,0.3958127498626709,0.5233211583146694,10,69.0,4,1,enc_dec_hate_decoder_ttt,ttt,no,decoder
175,0.5,0.013125564903020859,0.07622740417718887,0.385850727558136,0.544524915893677,11,77.0,4,1,enc_dec_hate_decoder_ttt,ttt,no,decoder
176,0.54,0.02077753096818924,0.07091029733419418,0.38408932089805603,0.5231132813736831,12,85.0,4,1,enc_dec_hate_decoder_ttt,ttt,no,decoder
177,0.524,0.005700149107724428,0.03514648973941803,0.3483664095401764,0.5081075917090462,13,92.0,4,1,enc_dec_hate_decoder_ttt,ttt,no,decoder
178,0.516,0.0,0.0,0.3200342357158661,0.5098977541160038,1,0.0,1,1,enc_dec_hate_ttt_table2,ttt,no,encoder
179,0.54,0.04698338359594345,0.0648021474480629,0.3733024299144745,0.5419218814529687,2,8.0,1,1,enc_dec_hate_ttt_table2,ttt,no,encoder
180,0.552,0.03494605794548988,0.05555206909775734,0.3726294934749603,0.5415881430404836,3,15.0,2,1,enc_dec_hate_ttt_table2,ttt,no,encoder
181,0.5720000000000001,0.053024739027023315,0.08983820676803589,0.3982188105583191,0.558498659533084,4,23.0,2,1,enc_dec_hate_ttt_table2,ttt,no,encoder
182,0.5800000000000001,0.03094775788486004,0.07339712232351303,0.39232808351516724,0.5545984380784827,5,31.0,2,1,enc_dec_hate_ttt_table2,ttt,no,encoder
183,0.548,0.050017789006233215,0.2613014280796051,0.5046467781066895,0.5931999484937647,6,38.0,3,1,enc_dec_hate_ttt_table2,ttt,no,encoder
184,0.548,0.06320854276418686,0.3930005133152008,0.6376962065696716,0.6185108728976079,7,46.0,3,1,enc_dec_hate_ttt_table2,ttt,no,encoder
185,0.536,0.09355486184358597,0.41748252511024475,0.6777265667915344,0.6466542912859207,8,54.0,3,1,enc_dec_hate_ttt_table2,ttt,no,encoder
186,0.56,0.21026596426963806,0.462485671043396,0.6855158805847168,0.6620234141410389,9,62.0,4,1,enc_dec_hate_ttt_table2,ttt,no,encoder
187,0.5880000000000001,0.289465993642807,0.5397030115127563,0.7299237251281738,0.6900582361139965,10,69.0,4,1,enc_dec_hate_ttt_table2,ttt,no,encoder
188,0.56,0.3951074481010437,0.6087708473205566,0.7211677432060242,0.6838431520097201,11,77.0,4,1,enc_dec_hate_ttt_table2,ttt,no,encoder
189,0.556,0.38784921169281006,0.6412429809570312,0.8202939033508301,0.6634416268893595,12,85.0,4,1,enc_dec_hate_ttt_table2,ttt,no,encoder
190,0.5880000000000001,0.3568057417869568,0.5412195324897766,0.6893847584724426,0.6713677994675669,13,92.0,4,1,enc_dec_hate_ttt_table2,ttt,no,encoder
191,0.516,0.0,0.0,0.3200342357158661,0.5098977541160038,1,0.0,1,1,enc_dec_hate_decoder_ttt_table2,ttt,no,decoder
192,0.592,0.009071821346879005,0.04509709030389786,0.3692694902420044,0.5153088343116639,2,8.0,1,1,enc_dec_hate_decoder_ttt_table2,ttt,no,decoder
193,0.572,0.010632818564772606,0.06593707948923111,0.3834719955921173,0.5242209670472209,3,15.0,2,1,enc_dec_hate_decoder_ttt_table2,ttt,no,decoder
194,0.58,0.0033029718324542046,0.03757435828447342,0.365235298871994,0.5122664536043015,4,23.0,2,1,enc_dec_hate_decoder_ttt_table2,ttt,no,decoder
195,0.576,0.002793840365484357,0.029644887894392014,0.3528011441230774,0.5103086391016544,5,31.0,2,1,enc_dec_hate_decoder_ttt_table2,ttt,no,decoder
196,0.576,0.0013259409461170435,0.0172794871032238,0.35295921564102173,0.5090922375725236,6,38.0,3,1,enc_dec_hate_decoder_ttt_table2,ttt,no,decoder
197,0.596,0.006910645868629217,0.03614183887839317,0.3645114302635193,0.5154334962013851,7,46.0,3,1,enc_dec_hate_decoder_ttt_table2,ttt,no,decoder
198,0.584,0.014805558137595654,0.06073329597711563,0.37716370820999146,0.524779326592443,8,54.0,3,1,enc_dec_hate_decoder_ttt_table2,ttt,no,decoder
199,0.6,0.03311719000339508,0.07597826421260834,0.37907692790031433,0.5287146312433193,9,62.0,4,1,enc_dec_hate_decoder_ttt_table2,ttt,no,decoder
200,0.6,0.031385838985443115,0.08559978753328323,0.419085294008255,0.5384294309560712,10,69.0,4,1,enc_dec_hate_decoder_ttt_table2,ttt,no,decoder
201,0.572,0.03912123292684555,0.09751617908477783,0.4047967493534088,0.5430945293899523,11,77.0,4,1,enc_dec_hate_decoder_ttt_table2,ttt,no,decoder
202,0.572,0.02372553013265133,0.07672587037086487,0.3951945900917053,0.5253329078526441,12,85.0,4,1,enc_dec_hate_decoder_ttt_table2,ttt,no,decoder
203,0.564,0.015144256874918938,0.06344783306121826,0.3885875642299652,0.5183926871902027,13,92.0,4,1,enc_dec_hate_decoder_ttt_table2,ttt,no,decoder
204,0.516,-8.881784197001252e-16,8.881784197001252e-16,0.32003888487815857,0.5098971873030854,1,0.0,1,1,decoder_base_not,not,no,decoder
205,0.552,0.037889640778303146,0.060919396579265594,0.39170244336128235,0.5446795791380076,2,8.0,1,1,decoder_base_not,not,no,decoder
206,0.504,0.0959555134177208,0.1640511155128479,0.48673951625823975,0.5742762903406945,3,15.0,2,1,decoder_base_not,not,no,decoder
207,0.516,0.2170550376176834,0.31251177191734314,0.5847771167755127,0.6078994614073245,4,23.0,2,1,decoder_base_not,not,no,decoder
208,0.556,0.24912160634994507,0.28985655307769775,0.5629316568374634,0.5900253813110558,5,31.0,2,1,decoder_base_not,not,no,decoder
209,0.548,0.2140786200761795,0.3363422155380249,0.5369345545768738,0.6113374977601028,6,38.0,3,1,decoder_base_not,not,no,decoder
210,0.556,0.20008938014507294,0.31240078806877136,0.5901243686676025,0.6165661554732207,7,46.0,3,1,decoder_base_not,not,no,decoder
211,0.588,0.16815891861915588,0.2814667224884033,0.5173962712287903,0.6146264458102011,8,54.0,3,1,decoder_base_not,not,no,decoder
212,0.5920000000000001,0.22297868132591248,0.3365704417228699,0.6098382472991943,0.6736363015219545,9,62.0,4,1,decoder_base_not,not,no,decoder
213,0.5640000000000001,0.19902515411376953,0.3365159034729004,0.5742427706718445,0.6761982412447306,10,69.0,4,1,decoder_base_not,not,no,decoder
214,0.58,0.197799414396286,0.3136714696884155,0.5531348586082458,0.6062190038822772,11,77.0,4,1,decoder_base_not,not,no,decoder
215,0.5680000000000001,0.16055932641029358,0.28273630142211914,0.5088509321212769,0.6562856884102748,12,85.0,4,1,decoder_base_not,not,no,decoder
216,0.556,0.015328076668083668,0.026121076196432114,0.36111024022102356,0.5067883024755174,13,92.0,4,1,decoder_base_not,not,no,decoder
217,0.516,-3.552713678800501e-15,3.552713678800501e-15,0.32003864645957947,0.5098972165198827,1,0.0,1,1,decoder_large_not,not,no,decoder
218,0.516,0.04043126851320267,0.21198824048042297,0.5019046664237976,0.6145146526820925,2,3.0,1,1,decoder_large_not,not,no,decoder
219,0.512,0.026053892448544502,0.19694583117961884,0.49397698044776917,0.5807312307393953,3,5.0,1,1,decoder_large_not,not,no,decoder
220,0.532,0.05991673469543457,0.132282555103302,0.45513495802879333,0.5593909540711357,4,8.0,1,1,decoder_large_not,not,no,decoder
221,0.524,0.03578326851129532,0.2145693302154541,0.5000830292701721,0.578930793063087,5,11.0,1,1,decoder_large_not,not,no,decoder
222,0.54,0.1764114797115326,0.23094987869262695,0.5316381454467773,0.5997423624493129,6,14.0,1,1,decoder_large_not,not,no,decoder
223,0.532,0.26643839478492737,0.3841232657432556,0.6140446066856384,0.6204145263103497,7,16.0,1,1,decoder_large_not,not,no,decoder
224,0.52,0.3258732557296753,0.509341299533844,0.6935192942619324,0.6317281611623784,8,19.0,1,1,decoder_large_not,not,no,decoder
225,0.528,0.45270949602127075,0.5131375789642334,0.6904579997062683,0.6408418706869511,9,22.0,2,1,decoder_large_not,not,no,decoder
226,0.608,0.3570954501628876,0.5057099461555481,0.6786079406738281,0.6763792659887551,10,24.0,2,1,decoder_large_not,not,no,decoder
227,0.624,0.44688302278518677,0.531102180480957,0.7200014591217041,0.6773624638672595,11,27.0,2,1,decoder_large_not,not,no,decoder
228,0.624,0.4454200267791748,0.5410772562026978,0.6857911944389343,0.6812522424294951,12,30.0,2,1,decoder_large_not,not,no,decoder
229,0.608,0.3790995180606842,0.5086261034011841,0.670525848865509,0.6778461666803943,13,32.0,2,1,decoder_large_not,not,no,decoder
230,0.6,0.3912227749824524,0.4609816074371338,0.6997323036193848,0.6585122640100001,14,35.0,2,1,decoder_large_not,not,no,decoder
231,0.604,0.4174346327781677,0.5170387029647827,0.7203938961029053,0.6682850890501738,15,38.0,2,1,decoder_large_not,not,no,decoder
232,0.62,0.3802388906478882,0.4460691511631012,0.6661834716796875,0.6698822269940953,16,41.0,2,1,decoder_large_not,not,no,decoder
233,0.652,0.4102569818496704,0.4882398247718811,0.6999458074569702,0.6955721036891613,17,43.0,2,2,decoder_large_not,not,no,decoder
234,0.652,0.41738009452819824,0.4842984080314636,0.6527877449989319,0.6934172659676103,18,46.0,3,2,decoder_large_not,not,no,decoder
235,0.652,0.4323852062225342,0.5135218501091003,0.6991466879844666,0.6869719854433309,19,49.0,3,2,decoder_large_not,not,no,decoder
236,0.6599999999999999,0.04992900788784027,0.06359206885099411,0.22432848811149597,0.5829636825396174,20,51.0,3,2,decoder_large_not,not,no,decoder
237,0.72,0.18085801601409912,0.18979871273040771,0.3998620808124542,0.5487738171749257,21,54.0,3,2,decoder_large_not,not,no,decoder
238,0.708,0.19084647297859192,0.19462020695209503,0.4332030117511749,0.6807836901096572,22,57.0,3,2,decoder_large_not,not,no,decoder
239,0.692,0.15856492519378662,0.17407652735710144,0.4350206255912781,0.6804478162588268,23,59.0,3,2,decoder_large_not,not,no,decoder
240,0.7,0.16809432208538055,0.18447890877723694,0.3882930278778076,0.5724470852750668,24,62.0,3,2,decoder_large_not,not,no,decoder
241,0.6839999999999999,0.1626957654953003,0.18382295966148376,0.3970850110054016,0.5870070623208241,25,65.0,3,2,decoder_large_not,not,no,decoder
242,0.7,0.18704946339130402,0.19410155713558197,0.41052207350730896,0.5921814782233673,26,68.0,3,2,decoder_large_not,not,no,decoder
243,0.656,0.3504120707511902,0.4165825843811035,0.6927133798599243,0.686096807455496,27,70.0,4,2,decoder_large_not,not,no,decoder
244,0.6599999999999999,0.2782611548900604,0.34992197155952454,0.5909298062324524,0.6809398435854767,28,73.0,4,2,decoder_large_not,not,no,decoder
245,0.644,0.37417566776275635,0.46992504596710205,0.6814708709716797,0.683226680276439,29,76.0,4,2,decoder_large_not,not,no,decoder
246,0.688,0.2683267593383789,0.3539761006832123,0.5208459496498108,0.6582828623004674,30,78.0,4,2,decoder_large_not,not,no,decoder
247,0.632,0.25291088223457336,0.5139369368553162,0.6861063241958618,0.6753690792149984,31,81.0,4,2,decoder_large_not,not,no,decoder
248,0.628,0.3584900200366974,0.44550102949142456,0.6579087972640991,0.6551859816457716,32,84.0,4,2,decoder_large_not,not,no,decoder
249,0.576,0.3949527442455292,0.49475783109664917,0.6863585114479065,0.6550401491562309,33,86.0,4,1,decoder_large_not,not,no,decoder
250,0.628,0.2859252691268921,0.49369245767593384,0.6975051760673523,0.6602731241880351,34,89.0,4,2,decoder_large_not,not,no,decoder
251,0.632,0.30981773138046265,0.451882541179657,0.6314784288406372,0.656919287277323,35,92.0,4,2,decoder_large_not,not,no,decoder
252,0.632,0.2969633936882019,0.43027055263519287,0.6747270822525024,0.6303924642234291,36,95.0,4,2,decoder_large_not,not,no,decoder
253,0.576,0.4395528733730316,0.5704761743545532,0.7990358471870422,0.6575064605850784,37,97.0,4,1,decoder_large_not,not,no,decoder
254,0.516,-8.100542459033022e-11,8.100542459033022e-11,0.3200281858444214,0.5098984962558576,1,0.0,1,1,decoder_neo_pretr_not,not,yes,decoder
255,0.588,0.0017632000381127,0.005488552153110504,0.34577077627182007,0.5079173682041195,2,8.0,1,1,decoder_neo_pretr_not,not,yes,decoder
256,0.544,0.0011227503418922424,0.004210903309285641,0.3363538980484009,0.5078180350210264,3,15.0,2,1,decoder_neo_pretr_not,not,yes,decoder
257,0.556,0.0019956533797085285,0.013877017423510551,0.3516589403152466,0.5158469945882685,4,23.0,2,1,decoder_neo_pretr_not,not,yes,decoder
258,0.556,0.029157010838389397,0.043525580316782,0.39926087856292725,0.5117593445369668,5,31.0,2,1,decoder_neo_pretr_not,not,yes,decoder
259,0.568,0.04935457184910774,0.07934823632240295,0.42077529430389404,0.5274378234188631,6,38.0,3,1,decoder_neo_pretr_not,not,yes,decoder
260,0.552,0.0826980471611023,0.11108046770095825,0.4547423720359802,0.5290041816691203,7,46.0,3,1,decoder_neo_pretr_not,not,yes,decoder
261,0.548,0.08942852914333344,0.15055227279663086,0.4631343483924866,0.5454450437206134,8,54.0,3,1,decoder_neo_pretr_not,not,yes,decoder
262,0.552,0.0773937925696373,0.15024127066135406,0.4796399474143982,0.5491148823058439,9,62.0,4,1,decoder_neo_pretr_not,not,yes,decoder
263,0.564,0.09185510873794556,0.143691748380661,0.4612157344818115,0.5498331047011402,10,69.0,4,1,decoder_neo_pretr_not,not,yes,decoder
264,0.58,0.11949768662452698,0.19804441928863525,0.5119776129722595,0.5728521955142601,11,77.0,4,1,decoder_neo_pretr_not,not,yes,decoder
265,0.572,0.10727133601903915,0.2608892619609833,0.5635803937911987,0.5908456719974778,12,85.0,4,1,decoder_neo_pretr_not,not,yes,decoder
266,0.5680000000000001,0.14666642248630524,0.3622838258743286,0.6218167543411255,0.6338789590055265,13,92.0,4,1,decoder_neo_pretr_not,not,yes,decoder
267,0.516,0.0,0.0,0.3200320899486542,0.5098980170758017,1,0.0,1,1,enc_base_not,not,no,encoder
268,0.5720000000000001,0.0007595025235787034,0.007788356393575668,0.33806100487709045,0.5234418423342162,2,8.0,1,1,enc_base_not,not,no,encoder
269,0.536,0.01658974215388298,0.04539050906896591,0.3819189965724945,0.5239008386611007,3,15.0,2,1,enc_base_not,not,no,encoder
270,0.612,0.01294095441699028,0.034555867314338684,0.3656936287879944,0.5285298692898601,4,23.0,2,1,enc_base_not,not,no,encoder
271,0.612,0.036805659532547,0.06213240697979927,0.36920565366744995,0.5700792844857464,5,31.0,2,1,enc_base_not,not,no,encoder
272,0.576,0.03677136451005936,0.059315647929906845,0.3731285631656647,0.5579404069108959,6,38.0,3,1,enc_base_not,not,no,encoder
273,0.58,0.05640268698334694,0.08484651148319244,0.3849233388900757,0.5306003631334619,7,46.0,3,1,enc_base_not,not,no,encoder
274,0.588,0.04419895261526108,0.08045795559883118,0.38771486282348633,0.5426464597263717,8,54.0,3,1,enc_base_not,not,no,encoder
275,0.608,0.05488733574748039,0.07359633594751358,0.3621246814727783,0.555572722418608,9,62.0,4,1,enc_base_not,not,no,encoder
276,0.604,0.03465883433818817,0.03866482898592949,0.3309200406074524,0.5123741245172425,10,69.0,4,1,enc_base_not,not,no,encoder
277,0.5640000000000001,0.019063148647546768,0.020744914188981056,0.31292593479156494,0.44729842660969743,11,77.0,4,1,enc_base_not,not,no,encoder
278,0.532,0.02318578213453293,0.025935741141438484,0.3072200417518616,0.4473107532485384,12,85.0,4,1,enc_base_not,not,no,encoder
279,0.56,0.0013889488764107227,0.002420152071863413,0.3289277255535126,0.5031561003947337,13,92.0,4,1,enc_base_not,not,no,encoder
280,0.516,0.0,0.0,0.3200327157974243,0.5098979411092895,1,0.0,1,1,enc_large_not,not,no,encoder
281,0.548,-0.0019270339980721474,0.0033287187106907368,0.3324231505393982,0.5099705385716853,2,4.0,1,1,enc_large_not,not,no,encoder
282,0.548,-0.0010235179215669632,0.012660229578614235,0.3423992693424225,0.5086008623280155,3,8.0,1,1,enc_large_not,not,no,encoder
283,0.52,0.0010645901784300804,0.006634723395109177,0.3409232497215271,0.5097509370136516,4,12.0,1,1,enc_large_not,not,no,encoder
284,0.56,0.0021358723752200603,0.010335802100598812,0.34951579570770264,0.5163109078128224,5,16.0,1,1,enc_large_not,not,no,encoder
285,0.532,0.001984794158488512,0.0064597660675644875,0.34354454278945923,0.5169722704816905,6,20.0,2,1,enc_large_not,not,no,encoder
286,0.512,0.012593901716172695,0.036210354417562485,0.3743836581707001,0.5379601476131531,7,24.0,2,1,enc_large_not,not,no,encoder
287,0.576,0.002598145976662636,0.01221806276589632,0.35750287771224976,0.5114731842863938,8,28.0,2,1,enc_large_not,not,no,encoder
288,0.576,0.010907269082963467,0.021059788763523102,0.3558400273323059,0.5233204992316901,9,32.0,2,1,enc_large_not,not,no,encoder
289,0.532,0.012027052231132984,0.044534362852573395,0.3878152370452881,0.5408484210896302,10,36.0,2,1,enc_large_not,not,no,encoder
290,0.536,0.01942499727010727,0.045152448117733,0.38091719150543213,0.513935569913017,11,40.0,2,1,enc_large_not,not,no,encoder
291,0.504,0.062325865030288696,0.10232366621494293,0.4114266037940979,0.5787310106646971,12,44.0,3,1,enc_large_not,not,no,encoder
292,0.528,0.05851252004504204,0.08970122039318085,0.3552069664001465,0.5910736125027571,13,48.0,3,1,enc_large_not,not,no,encoder
293,0.544,0.06552763283252716,0.08162890374660492,0.36036062240600586,0.5964477888966113,14,52.0,3,1,enc_large_not,not,no,encoder
294,0.58,0.06725729256868362,0.0937374010682106,0.3234878182411194,0.6420488940819222,15,56.0,3,1,enc_large_not,not,no,encoder
295,0.5640000000000001,0.07553031295537949,0.08448665589094162,0.31157994270324707,0.6155650468324506,16,60.0,3,1,enc_large_not,not,no,encoder
296,0.552,0.01885095052421093,0.020130155608057976,0.18006174266338348,0.6766367991785873,17,64.0,3,1,enc_large_not,not,no,encoder
297,0.548,0.018258744850754738,0.02116023562848568,0.21493586897850037,0.4632244295375415,18,68.0,4,1,enc_large_not,not,no,encoder
298,0.552,0.018310151994228363,0.021356066688895226,0.2034050077199936,0.43247053732073276,19,72.0,4,1,enc_large_not,not,no,encoder
299,0.556,0.027158018201589584,0.02950996160507202,0.23333901166915894,0.6660104941561862,20,76.0,4,1,enc_large_not,not,no,encoder
300,0.56,0.021723974496126175,0.022762883454561234,0.22431416809558868,0.6576512890924872,21,80.0,4,1,enc_large_not,not,no,encoder
301,0.544,0.024575509130954742,0.027101051062345505,0.26691028475761414,0.6401337041460511,22,84.0,4,1,enc_large_not,not,no,encoder
302,0.572,0.04375334456562996,0.06111866608262062,0.34814250469207764,0.5820648435858582,23,88.0,4,1,enc_large_not,not,no,encoder
303,0.552,0.038093201816082,0.0463821142911911,0.33195263147354126,0.5799356806018022,24,92.0,4,1,enc_large_not,not,no,encoder
304,0.556,0.025770608335733414,0.037590380758047104,0.33210489153862,0.5711129115803772,25,96.0,4,1,enc_large_not,not,no,encoder
305,0.516,0.0,0.0,0.3200327157974243,0.5098979411092895,1,0.0,1,1,enc_large_pretr_not,not,yes,encoder
306,0.524,0.00024283042876049876,0.007970422506332397,0.33455216884613037,0.5123831174074245,2,4.0,1,1,enc_large_pretr_not,not,yes,encoder
307,0.54,0.0012673729797825217,0.016223082318902016,0.3468596339225769,0.5159395291918663,3,8.0,1,1,enc_large_pretr_not,not,yes,encoder
308,0.516,5.5414813687093556e-05,0.026210397481918335,0.360742449760437,0.5181838434217922,4,12.0,1,1,enc_large_pretr_not,not,yes,encoder
309,0.524,0.022309990599751472,0.11487248539924622,0.43638089299201965,0.5570067190686422,5,16.0,1,1,enc_large_pretr_not,not,yes,encoder
310,0.528,0.027546243742108345,0.06108490377664566,0.40230387449264526,0.5316330570423999,6,20.0,2,1,enc_large_pretr_not,not,yes,encoder
311,0.536,-0.00036533005186356604,0.10071246325969696,0.4206428825855255,0.5514598408399198,7,24.0,2,1,enc_large_pretr_not,not,yes,encoder
312,0.54,0.015090210363268852,0.0685940831899643,0.424582302570343,0.5386531258435562,8,28.0,2,1,enc_large_pretr_not,not,yes,encoder
313,0.512,-0.005427153315395117,0.05487603321671486,0.37617942690849304,0.5244470128034278,9,32.0,2,1,enc_large_pretr_not,not,yes,encoder
314,0.54,0.027937082573771477,0.10374568402767181,0.4095689356327057,0.5526793016781026,10,36.0,2,1,enc_large_pretr_not,not,yes,encoder
315,0.536,0.014900559559464455,0.015306241810321808,0.34885913133621216,0.5267137947526269,11,40.0,2,1,enc_large_pretr_not,not,yes,encoder
316,0.508,0.004204661585390568,0.0239140372723341,0.353504478931427,0.5223815644812347,12,44.0,3,1,enc_large_pretr_not,not,yes,encoder
317,0.56,0.0071733021177351475,0.009608438238501549,0.3452948331832886,0.5238882060593526,13,48.0,3,1,enc_large_pretr_not,not,yes,encoder
318,0.6799999999999999,0.001869370462372899,0.004937104880809784,0.3319340944290161,0.5111731586669062,14,52.0,3,2,enc_large_pretr_not,not,yes,encoder
319,0.536,0.008487810380756855,0.01258869469165802,0.32545238733291626,0.48035128327325577,15,56.0,3,1,enc_large_pretr_not,not,yes,encoder
320,0.556,0.0016454977449029684,0.018250515684485435,0.35109004378318787,0.5175384458786005,16,60.0,3,1,enc_large_pretr_not,not,yes,encoder
321,0.728,0.026286456733942032,0.043868426233530045,0.3647215962409973,0.5398055163376033,17,64.0,3,2,enc_large_pretr_not,not,yes,encoder
322,0.716,0.003912988118827343,0.019083503633737564,0.35726889967918396,0.5132020874385486,18,68.0,4,2,enc_large_pretr_not,not,yes,encoder
323,0.744,0.0023224973119795322,0.006740529555827379,0.34574204683303833,0.5083521660751033,19,72.0,4,2,enc_large_pretr_not,not,yes,encoder
324,0.6799999999999999,0.16614311933517456,0.26871252059936523,0.5259568095207214,0.6333085043566379,20,76.0,4,2,enc_large_pretr_not,not,yes,encoder
325,0.928,0.03013111650943756,0.10621775686740875,0.4141765832901001,0.5426744662628271,21,80.0,4,4,enc_large_pretr_not,not,yes,encoder
326,0.916,0.036509037017822266,0.10930220037698746,0.42789173126220703,0.5586715371593689,22,84.0,4,4,enc_large_pretr_not,not,yes,encoder
327,0.908,0.043602295219898224,0.10083110630512238,0.39375871419906616,0.5547842068576245,23,88.0,4,4,enc_large_pretr_not,not,yes,encoder
328,0.724,0.07414156198501587,0.09066171944141388,0.37420523166656494,0.6115355719054104,24,92.0,4,2,enc_large_pretr_not,not,yes,encoder
329,0.6799999999999999,0.0491676926612854,0.06210001930594444,0.3167917728424072,0.4897868144646576,25,96.0,4,2,enc_large_pretr_not,not,yes,encoder
330,0.516,0.0,0.0,0.3200320899486542,0.5098980170758017,1,0.0,1,1,enc_dec_base_table_not,not,no,encoder
331,0.556,0.035240769386291504,0.04754062369465828,0.3638141453266144,0.5417833523547071,2,8.0,1,1,enc_dec_base_table_not,not,no,encoder
332,0.5880000000000001,0.031946055591106415,0.05396400764584541,0.3811846673488617,0.5508374701269653,3,15.0,2,1,enc_dec_base_table_not,not,no,encoder
333,0.5720000000000001,0.039535656571388245,0.063331238925457,0.3867158889770508,0.5469576742224816,4,23.0,2,1,enc_dec_base_table_not,not,no,encoder
334,0.588,0.022328441962599754,0.04629269242286682,0.3858368992805481,0.5213633144638767,5,31.0,2,1,enc_dec_base_table_not,not,no,encoder
335,0.604,0.04887453466653824,0.0753292515873909,0.3976854085922241,0.5402881010738558,6,38.0,3,1,enc_dec_base_table_not,not,no,encoder
336,0.624,0.07099995017051697,0.1629747450351715,0.45641645789146423,0.5806839987993558,7,46.0,3,1,enc_dec_base_table_not,not,no,encoder
337,0.608,0.17029905319213867,0.3811911940574646,0.5539705753326416,0.6821540326536837,8,54.0,3,1,enc_dec_base_table_not,not,no,encoder
338,0.596,0.14729005098342896,0.32678985595703125,0.56834876537323,0.6751839104629505,9,62.0,4,1,enc_dec_base_table_not,not,no,encoder
339,0.5920000000000001,0.1731845736503601,0.32246795296669006,0.570806086063385,0.6748836680014041,10,69.0,4,1,enc_dec_base_table_not,not,no,encoder
340,0.6,0.14401847124099731,0.26594406366348267,0.4315732419490814,0.6846348696364758,11,77.0,4,1,enc_dec_base_table_not,not,no,encoder
341,0.604,0.144699364900589,0.27552810311317444,0.5246731638908386,0.6850382422621226,12,85.0,4,1,enc_dec_base_table_not,not,no,encoder
342,0.608,0.13354049623012543,0.24201445281505585,0.5194693207740784,0.6194058696724078,13,92.0,4,1,enc_dec_base_table_not,not,no,encoder
343,0.516,0.0,0.0,0.3200320899486542,0.5098980170758017,1,0.0,1,1,enc_dec_base_decoder_not,not,no,decoder
344,0.608,0.0050543672405183315,0.028447987511754036,0.35474443435668945,0.5168773740581959,2,8.0,1,1,enc_dec_base_decoder_not,not,no,decoder
345,0.604,0.014272898435592651,0.04012297838926315,0.3554311990737915,0.5188650724549887,3,15.0,2,1,enc_dec_base_decoder_not,not,no,decoder
346,0.604,0.009218390099704266,0.02311038039624691,0.35370123386383057,0.5119526495210263,4,23.0,2,1,enc_dec_base_decoder_not,not,no,decoder
347,0.624,0.005944015458226204,0.014769189059734344,0.34402328729629517,0.512785508242721,5,31.0,2,1,enc_dec_base_decoder_not,not,no,decoder
348,0.62,0.0035820500925183296,0.017237944528460503,0.34942662715911865,0.5169488623186759,6,38.0,3,1,enc_dec_base_decoder_not,not,no,decoder
349,0.62,0.005534265656024218,0.01865329034626484,0.33950066566467285,0.5174946162199014,7,46.0,3,1,enc_dec_base_decoder_not,not,no,decoder
350,0.632,0.018329298123717308,0.037110112607479095,0.35936832427978516,0.5250355464679627,8,54.0,3,2,enc_dec_base_decoder_not,not,no,decoder
351,0.62,0.02529289945960045,0.04158034175634384,0.35295534133911133,0.5276844153186815,9,62.0,4,1,enc_dec_base_decoder_not,not,no,decoder
352,0.612,0.027535563334822655,0.051592014729976654,0.35674506425857544,0.5276613589328822,10,69.0,4,1,enc_dec_base_decoder_not,not,no,decoder
353,0.608,0.041644491255283356,0.060921404510736465,0.3592429459095001,0.546562865027007,11,77.0,4,1,enc_dec_base_decoder_not,not,no,decoder
354,0.536,0.08723518252372742,0.12265050411224365,0.410976380109787,0.6029388241636765,12,85.0,4,1,enc_dec_base_decoder_not,not,no,decoder
355,0.524,0.06554089486598969,0.19149526953697205,0.47241637110710144,0.5546825284812301,13,92.0,4,1,enc_dec_base_decoder_not,not,no,decoder
356,0.516,0.0,0.0,0.3200320899486542,0.5098980170758017,1,0.0,1,1,enc_dec_pretr_not,not,yes,encoder
357,0.5760000000000001,0.028775066137313843,0.04208744689822197,0.37039464712142944,0.5411754378062598,2,8.0,1,1,enc_dec_pretr_not,not,yes,encoder
358,0.596,0.02735341340303421,0.06689241528511047,0.3934532105922699,0.5536444150276414,3,15.0,2,1,enc_dec_pretr_not,not,yes,encoder
359,0.556,0.044201962649822235,0.12743014097213745,0.4404534101486206,0.5738925177570164,4,23.0,2,1,enc_dec_pretr_not,not,yes,encoder
360,0.548,0.04871121421456337,0.1099824607372284,0.42724186182022095,0.5488008862452856,5,31.0,2,1,enc_dec_pretr_not,not,yes,encoder
361,0.624,0.04947466403245926,0.06002295762300491,0.3677375912666321,0.5552370748934895,6,38.0,3,1,enc_dec_pretr_not,not,yes,encoder
362,0.604,0.050547678023576736,0.08174435794353485,0.3114983141422272,0.5997238267273642,7,46.0,3,1,enc_dec_pretr_not,not,yes,encoder
363,0.612,0.13893112540245056,0.20010840892791748,0.5602509379386902,0.6219273825763157,8,54.0,3,1,enc_dec_pretr_not,not,yes,encoder
364,0.5880000000000001,0.08321025222539902,0.30169248580932617,0.5140709280967712,0.6445736131783417,9,62.0,4,1,enc_dec_pretr_not,not,yes,encoder
365,0.6,0.1389641910791397,0.2847217917442322,0.4894714057445526,0.6652050480999703,10,69.0,4,1,enc_dec_pretr_not,not,yes,encoder
366,0.536,0.16798074543476105,0.5456196069717407,0.7045008540153503,0.6678618935529165,11,77.0,4,1,enc_dec_pretr_not,not,yes,encoder
367,0.524,0.0794227346777916,0.5127698183059692,0.7767146229743958,0.6486468518988037,12,85.0,4,1,enc_dec_pretr_not,not,yes,encoder
368,0.5,0.1256551891565323,0.3905792534351349,0.620837926864624,0.6353021248790653,13,92.0,4,1,enc_dec_pretr_not,not,yes,encoder
369,0.516,0.0,0.0,0.3200320899486542,0.5098980170758017,1,0.0,1,1,enc_dec_pretr_decoder_not,not,yes,decoder
370,0.504,0.003677644766867161,0.03743022680282593,0.3807770609855652,0.5150889092448465,2,8.0,1,1,enc_dec_pretr_decoder_not,not,yes,decoder
371,0.516,0.024061355739831924,0.05915529280900955,0.39439907670021057,0.5239726311326199,3,15.0,2,1,enc_dec_pretr_decoder_not,not,yes,decoder
372,0.524,0.0022563314996659756,0.0374823734164238,0.3840011954307556,0.5261649686628336,4,23.0,2,1,enc_dec_pretr_decoder_not,not,yes,decoder
373,0.512,0.003894500434398651,0.019500840455293655,0.3535878658294678,0.5220294718878802,5,31.0,2,1,enc_dec_pretr_decoder_not,not,yes,decoder
374,0.512,0.003840791992843151,0.020170940086245537,0.35609203577041626,0.5188800542960962,6,38.0,3,1,enc_dec_pretr_decoder_not,not,yes,decoder
375,0.508,0.006351938005536795,0.03805229440331459,0.366421639919281,0.5310369918579756,7,46.0,3,1,enc_dec_pretr_decoder_not,not,yes,decoder
376,0.52,0.006059593986719847,0.06076975166797638,0.3913285732269287,0.5383643652962576,8,54.0,3,1,enc_dec_pretr_decoder_not,not,yes,decoder
377,0.504,0.014715929515659809,0.05794179439544678,0.3947410583496094,0.546187386053001,9,62.0,4,1,enc_dec_pretr_decoder_not,not,yes,decoder
378,0.532,0.017856482416391373,0.08690829575061798,0.4079160690307617,0.5269498665595995,10,69.0,4,1,enc_dec_pretr_decoder_not,not,yes,decoder
379,0.528,0.004559236112982035,0.08982706069946289,0.4203038215637207,0.5368841015304323,11,77.0,4,1,enc_dec_pretr_decoder_not,not,yes,decoder
380,0.524,0.014293935149908066,0.0980755090713501,0.4303210973739624,0.5369973568299893,12,85.0,4,1,enc_dec_pretr_decoder_not,not,yes,decoder
381,0.508,0.0002779530477710068,0.0569741427898407,0.3840971291065216,0.5370041969741135,13,92.0,4,1,enc_dec_pretr_decoder_not,not,yes,decoder
382,0.516,0.0,0.0,0.3200320899486542,0.5098980170758017,1,0.0,1,1,enc_dec_pretr_table2_not,not,yes,encoder
383,0.556,0.04521941393613815,0.0654924064874649,0.37705785036087036,0.5529547571418271,2,8.0,1,1,enc_dec_pretr_table2_not,not,yes,encoder
384,0.548,0.039141274988651276,0.05440801382064819,0.382254421710968,0.5535703257851181,3,15.0,2,1,enc_dec_pretr_table2_not,not,yes,encoder
385,0.548,0.037713900208473206,0.08851706981658936,0.400034636259079,0.5706567779566529,4,23.0,2,1,enc_dec_pretr_table2_not,not,yes,encoder
386,0.5720000000000001,0.02205926552414894,0.08194227516651154,0.40413999557495117,0.5618175233863245,5,31.0,2,1,enc_dec_pretr_table2_not,not,yes,encoder
387,0.504,0.015373233705759048,0.18554624915122986,0.44639474153518677,0.5673497933885377,6,38.0,3,1,enc_dec_pretr_table2_not,not,yes,encoder
388,0.532,0.09546253085136414,0.2950853109359741,0.5695058703422546,0.6170336497813398,7,46.0,3,1,enc_dec_pretr_table2_not,not,yes,encoder
389,0.512,0.08578919619321823,0.35829612612724304,0.6313555240631104,0.6473156108727176,8,54.0,3,1,enc_dec_pretr_table2_not,not,yes,encoder
390,0.512,0.13040702044963837,0.41426515579223633,0.6462642550468445,0.6413555905365899,9,62.0,4,1,enc_dec_pretr_table2_not,not,yes,encoder
391,0.548,0.2950778603553772,0.5207597017288208,0.700905442237854,0.6825565465848626,10,69.0,4,1,enc_dec_pretr_table2_not,not,yes,encoder
392,0.568,0.3346945345401764,0.5331293940544128,0.7703462839126587,0.6630903166219086,11,77.0,4,1,enc_dec_pretr_table2_not,not,yes,encoder
393,0.576,0.3154723644256592,0.5115401744842529,0.6855034828186035,0.6484058209989074,12,85.0,4,1,enc_dec_pretr_table2_not,not,yes,encoder
394,0.56,0.15265236794948578,0.4235808551311493,0.645980179309845,0.6392577272020794,13,92.0,4,1,enc_dec_pretr_table2_not,not,yes,encoder
395,0.516,0.0,0.0,0.3200320899486542,0.5098980170758017,1,0.0,1,1,enc_dec_pretr_decoder_table2_not,not,yes,decoder
396,0.588,0.004827681928873062,0.030277758836746216,0.35976094007492065,0.5193671265449132,2,8.0,1,1,enc_dec_pretr_decoder_table2_not,not,yes,decoder
397,0.588,0.0056890277191996574,0.04724224656820297,0.3693789839744568,0.5288342976605319,3,15.0,2,1,enc_dec_pretr_decoder_table2_not,not,yes,decoder
398,0.584,0.0015988096129149199,0.029012132436037064,0.3690527677536011,0.5184111164931936,4,23.0,2,1,enc_dec_pretr_decoder_table2_not,not,yes,decoder
399,0.572,0.0009454682003706694,0.0193464457988739,0.34063875675201416,0.5162212967207096,5,31.0,2,1,enc_dec_pretr_decoder_table2_not,not,yes,decoder
400,0.58,0.00038277695421129465,0.013888725079596043,0.34295177459716797,0.5102446123898162,6,38.0,3,1,enc_dec_pretr_decoder_table2_not,not,yes,decoder
401,0.576,0.002208075486123562,0.02672058716416359,0.35883793234825134,0.5186092109998518,7,46.0,3,1,enc_dec_pretr_decoder_table2_not,not,yes,decoder
402,0.572,0.012292183935642242,0.04406537860631943,0.36729955673217773,0.5212551350298933,8,54.0,3,1,enc_dec_pretr_decoder_table2_not,not,yes,decoder
403,0.592,0.010415851138532162,0.060047805309295654,0.3836618959903717,0.5295835383461468,9,62.0,4,1,enc_dec_pretr_decoder_table2_not,not,yes,decoder
404,0.572,0.02006729319691658,0.06993159651756287,0.3818094730377197,0.5351468200781889,10,69.0,4,1,enc_dec_pretr_decoder_table2_not,not,yes,decoder
405,0.58,0.022320903837680817,0.07795852422714233,0.40041276812553406,0.5361743831405076,11,77.0,4,1,enc_dec_pretr_decoder_table2_not,not,yes,decoder
406,0.584,0.014539534226059914,0.05715753510594368,0.38745731115341187,0.5348165862990385,12,85.0,4,1,enc_dec_pretr_decoder_table2_not,not,yes,decoder
407,0.564,0.006176605820655823,0.04778242111206055,0.3724556565284729,0.5308416554378769,13,92.0,4,1,enc_dec_pretr_decoder_table2_not,not,yes,decoder
408,0.5381526104417671,-2.4948931809376518e-12,2.4948931809376518e-12,0.320036381483078,0.5098974911600582,1,0.0,1,1,decoder_base_orig,orig,no,decoder
409,0.5903614457831325,0.03612135350704193,0.08000226318836212,0.4118430018424988,0.5421361161744453,2,8.0,1,1,decoder_base_orig,orig,no,decoder
410,0.5622489959839357,0.165384441614151,0.24160870909690857,0.5178613662719727,0.5837427047627073,3,15.0,2,1,decoder_base_orig,orig,no,decoder
411,0.5180722891566265,0.1890462189912796,0.37760239839553833,0.5941780805587769,0.6121636422094041,4,23.0,2,1,decoder_base_orig,orig,no,decoder
412,0.5140562248995983,0.23339134454727173,0.3763270974159241,0.5982568860054016,0.633326733269595,5,31.0,2,1,decoder_base_orig,orig,no,decoder
413,0.5140562248995983,0.2366156280040741,0.39919114112854004,0.6247709393501282,0.639239995251285,6,38.0,3,1,decoder_base_orig,orig,no,decoder
414,0.5261044176706827,0.3749377727508545,0.4604308009147644,0.6702011227607727,0.6633161744302731,7,46.0,3,1,decoder_base_orig,orig,no,decoder
415,0.6144578313253012,0.18435446918010712,0.3809208869934082,0.5564559698104858,0.6331836487187527,8,54.0,3,1,decoder_base_orig,orig,no,decoder
416,0.5863453815261044,0.23397475481033325,0.29582351446151733,0.558965265750885,0.6210640635447267,9,62.0,4,1,decoder_base_orig,orig,no,decoder
417,0.5180722891566265,0.3242492079734802,0.6088113784790039,0.7424679398536682,0.6693826627076088,10,69.0,4,1,decoder_base_orig,orig,no,decoder
418,0.6626506024096386,0.12401487678289413,0.2948656678199768,0.5178561210632324,0.6329156383070281,11,77.0,4,2,decoder_base_orig,orig,no,decoder
419,0.642570281124498,0.10761485993862152,0.22002199292182922,0.5292872190475464,0.6521848767355041,12,85.0,4,2,decoder_base_orig,orig,no,decoder
420,0.5783132530120482,0.020365051925182343,0.03710980713367462,0.3696659505367279,0.5155038569400306,13,92.0,4,1,decoder_base_orig,orig,no,decoder
421,0.5381526104417671,-1.5710988066075515e-11,1.5710988066075515e-11,0.32003316283226013,0.5098978855988809,1,0.0,1,1,decoder_large_orig,orig,no,decoder
422,0.5823293172690763,0.06483634561300278,0.33132484555244446,0.5802960991859436,0.6494020105326557,2,3.0,1,1,decoder_large_orig,orig,no,decoder
423,0.5020080321285141,0.02063668519258499,0.28108566999435425,0.5518695116043091,0.5991876112559223,3,5.0,1,1,decoder_large_orig,orig,no,decoder
424,0.5060240963855421,0.07675082236528397,0.22304105758666992,0.5118480920791626,0.5692189263909017,4,8.0,1,1,decoder_large_orig,orig,no,decoder
425,0.5100401606425703,0.07348620891571045,0.24284806847572327,0.5224189758300781,0.5884602389910786,5,11.0,1,1,decoder_large_orig,orig,no,decoder
426,0.5180722891566265,0.154769629240036,0.3049194812774658,0.5426920652389526,0.6004996121071317,6,14.0,1,1,decoder_large_orig,orig,no,decoder
427,0.5060240963855422,0.20707370340824127,0.32105767726898193,0.5522690415382385,0.6168865820204853,7,16.0,1,1,decoder_large_orig,orig,no,decoder
428,0.5180722891566265,0.24614128470420837,0.4065476059913635,0.6156678795814514,0.6381713912908593,8,19.0,1,1,decoder_large_orig,orig,no,decoder
429,0.5060240963855421,0.21050773561000824,0.4027363955974579,0.5999935865402222,0.644060446524217,9,22.0,2,1,decoder_large_orig,orig,no,decoder
430,0.5020080321285141,0.2885543704032898,0.494242787361145,0.6777234673500061,0.6494518283986764,10,24.0,2,1,decoder_large_orig,orig,no,decoder
431,0.5020080321285141,0.39732372760772705,0.5350857973098755,0.7024785280227661,0.6707790049086766,11,27.0,2,1,decoder_large_orig,orig,no,decoder
432,0.5060240963855422,0.3892766237258911,0.5397478342056274,0.7078894376754761,0.6524800976300281,12,30.0,2,1,decoder_large_orig,orig,no,decoder
433,0.5060240963855421,0.36868029832839966,0.553274393081665,0.7125018835067749,0.6679565384421111,13,32.0,2,1,decoder_large_orig,orig,no,decoder
434,0.6224899598393574,0.27482685446739197,0.3687672019004822,0.6238111853599548,0.6492855810377678,14,35.0,2,1,decoder_large_orig,orig,no,decoder
435,0.6265060240963856,0.20161990821361542,0.34847864508628845,0.5551679134368896,0.688412051988654,15,38.0,2,2,decoder_large_orig,orig,no,decoder
436,0.6586345381526104,0.20248115062713623,0.2661305069923401,0.5469557642936707,0.6821135058952785,16,41.0,2,2,decoder_large_orig,orig,no,decoder
437,0.6907630522088353,0.15455219149589539,0.2959023118019104,0.5996123552322388,0.6843521340251357,17,43.0,2,2,decoder_large_orig,orig,no,decoder
438,0.6746987951807228,0.2061852216720581,0.33500936627388,0.6079007387161255,0.6836370317885322,18,46.0,3,2,decoder_large_orig,orig,no,decoder
439,0.6827309236947792,0.16406652331352234,0.36922740936279297,0.6160817742347717,0.6752743689961163,19,49.0,3,2,decoder_large_orig,orig,no,decoder
440,0.6546184738955824,0.06567388027906418,0.1154756024479866,0.33367928862571716,0.6962945918532157,20,51.0,3,2,decoder_large_orig,orig,no,decoder
441,0.7188755020080321,0.21313296258449554,0.24736669659614563,0.4757581949234009,0.6627650215252759,21,54.0,3,2,decoder_large_orig,orig,no,decoder
442,0.6506024096385542,0.06407605856657028,0.08204098045825958,0.3671342134475708,0.686305319392902,22,57.0,3,2,decoder_large_orig,orig,no,decoder
443,0.6626506024096386,0.0737682431936264,0.08664018660783768,0.24834008514881134,0.6423002620272732,23,59.0,3,2,decoder_large_orig,orig,no,decoder
444,0.6586345381526104,0.04030226916074753,0.07611396908760071,0.34196874499320984,0.685616880758411,24,62.0,3,2,decoder_large_orig,orig,no,decoder
445,0.6907630522088354,0.3161984384059906,0.38945165276527405,0.5697553753852844,0.6810716964846595,25,65.0,3,2,decoder_large_orig,orig,no,decoder
446,0.6586345381526104,0.027000650763511658,0.08065515011548996,0.3229047656059265,0.6877221239100947,26,68.0,3,2,decoder_large_orig,orig,no,decoder
447,0.6586345381526104,0.046516530215740204,0.09215957671403885,0.3027874231338501,0.6315236553133925,27,70.0,4,2,decoder_large_orig,orig,no,decoder
448,0.8554216867469879,0.04283398389816284,0.10494101047515869,0.42264026403427124,0.6404772869421888,28,73.0,4,3,decoder_large_orig,orig,no,decoder
449,0.6586345381526104,0.04070308059453964,0.08562356233596802,0.26577436923980713,0.6557241700119706,29,76.0,4,2,decoder_large_orig,orig,no,decoder
450,0.6546184738955823,0.03566916659474373,0.07367942482233047,0.2706691324710846,0.6210205824420544,30,78.0,4,2,decoder_large_orig,orig,no,decoder
451,0.7228915662650602,0.14419107139110565,0.31457823514938354,0.5734712481498718,0.6423760926908845,31,81.0,4,2,decoder_large_orig,orig,no,decoder
452,0.714859437751004,0.17888018488883972,0.3516543209552765,0.5881714224815369,0.6448638870928544,32,84.0,4,2,decoder_large_orig,orig,no,decoder
453,0.7188755020080322,0.14717689156532288,0.3464544415473938,0.5833836793899536,0.6696699100758882,33,86.0,4,2,decoder_large_orig,orig,no,decoder
454,0.642570281124498,0.061175160109996796,0.12892724573612213,0.4237847924232483,0.6841174055962427,34,89.0,4,2,decoder_large_orig,orig,no,decoder
455,0.642570281124498,0.054696448147296906,0.14286381006240845,0.4398021101951599,0.6791609649298436,35,92.0,4,2,decoder_large_orig,orig,no,decoder
456,0.6506024096385542,0.06311281025409698,0.16972202062606812,0.410574734210968,0.6671867607100257,36,95.0,4,2,decoder_large_orig,orig,no,decoder
457,0.6546184738955824,0.07346758246421814,0.15843527019023895,0.44413667917251587,0.6819541613274641,37,97.0,4,2,decoder_large_orig,orig,no,decoder
458,0.5381526104417671,-5.115907697472721e-13,5.115907697472721e-13,0.3200366497039795,0.5098974590208097,1,0.0,1,1,decoder_neo_pretr_orig,orig,yes,decoder
459,0.5140562248995983,0.002972634043544531,0.007033095695078373,0.34252282977104187,0.5131050587468542,2,8.0,1,1,decoder_neo_pretr_orig,orig,yes,decoder
460,0.5261044176706827,0.0024697561748325825,0.005728187970817089,0.3423881530761719,0.5127660994528694,3,15.0,2,1,decoder_neo_pretr_orig,orig,yes,decoder
461,0.5461847389558233,0.0054471055045723915,0.01294029038399458,0.3537875711917877,0.5097967466780073,4,23.0,2,1,decoder_neo_pretr_orig,orig,yes,decoder
462,0.5903614457831325,0.024028468877077103,0.04331545904278755,0.38036882877349854,0.5237522702737,5,31.0,2,1,decoder_neo_pretr_orig,orig,yes,decoder
463,0.5903614457831325,0.04839155077934265,0.08238004148006439,0.3950294256210327,0.535235857571052,6,38.0,3,1,decoder_neo_pretr_orig,orig,yes,decoder
464,0.5943775100401606,0.06934241205453873,0.09879729151725769,0.4228057265281677,0.5461696144396965,7,46.0,3,1,decoder_neo_pretr_orig,orig,yes,decoder
465,0.6024096385542169,0.061226122081279755,0.12667453289031982,0.4237772226333618,0.5357891111602486,8,54.0,3,1,decoder_neo_pretr_orig,orig,yes,decoder
466,0.5863453815261044,0.06777168065309525,0.11633327603340149,0.3979962170124054,0.5482186596747537,9,62.0,4,1,decoder_neo_pretr_orig,orig,yes,decoder
467,0.5983935742971888,0.054517313838005066,0.1095382571220398,0.41760289669036865,0.5395474797381143,10,69.0,4,1,decoder_neo_pretr_orig,orig,yes,decoder
468,0.6104417670682731,0.07475806027650833,0.13164617121219635,0.4348633885383606,0.5567405101138945,11,77.0,4,1,decoder_neo_pretr_orig,orig,yes,decoder
469,0.6024096385542168,0.06911744922399521,0.16352371871471405,0.48494699597358704,0.6125535874799946,12,85.0,4,1,decoder_neo_pretr_orig,orig,yes,decoder
470,0.6144578313253012,0.13709303736686707,0.2625328004360199,0.5277338027954102,0.6416406091084947,13,92.0,4,1,decoder_neo_pretr_orig,orig,yes,decoder
471,0.5381526104417671,0.0,0.0,0.3200361430644989,0.5098975203768085,1,0.0,1,1,enc_base_orig,orig,no,encoder
472,0.5823293172690763,-0.0055722808465361595,0.011078136041760445,0.33330482244491577,0.5166491856708321,2,8.0,1,1,enc_base_orig,orig,no,encoder
473,0.6265060240963856,0.0035552845802158117,0.07761136442422867,0.4130997061729431,0.5345351898950159,3,15.0,2,2,enc_base_orig,orig,no,encoder
474,0.6626506024096386,0.0041052065789699554,0.0742124617099762,0.3907204866409302,0.5258517366233403,4,23.0,2,2,enc_base_orig,orig,no,encoder
475,0.5341365461847389,0.04893989488482475,0.12727369368076324,0.4308103024959564,0.5646737293487416,5,31.0,2,1,enc_base_orig,orig,no,encoder
476,0.5542168674698795,0.10513319075107574,0.1828719675540924,0.41948771476745605,0.569005576423839,6,38.0,3,1,enc_base_orig,orig,no,encoder
477,0.5381526104417671,0.09439824521541595,0.19636885821819305,0.45294201374053955,0.5829422579892938,7,46.0,3,1,enc_base_orig,orig,no,encoder
478,0.5461847389558233,0.06991954147815704,0.18337032198905945,0.40718165040016174,0.5826120869350032,8,54.0,3,1,enc_base_orig,orig,no,encoder
479,0.5662650602409639,0.0642690658569336,0.16540205478668213,0.42753109335899353,0.5709112693574397,9,62.0,4,1,enc_base_orig,orig,no,encoder
480,0.5742971887550201,0.06915684789419174,0.13961876928806305,0.4197976291179657,0.5750633594686092,10,69.0,4,1,enc_base_orig,orig,no,encoder
481,0.5502008032128514,0.04598914831876755,0.1206156387925148,0.39201194047927856,0.5665566647706872,11,77.0,4,1,enc_base_orig,orig,no,encoder
482,0.5502008032128514,0.0474683903157711,0.1216306984424591,0.40848904848098755,0.5579937931328438,12,85.0,4,1,enc_base_orig,orig,no,encoder
483,0.5582329317269076,0.000951560097746551,0.006096361670643091,0.32783621549606323,0.5097589588163827,13,92.0,4,1,enc_base_orig,orig,no,encoder
484,0.5381526104417671,0.0,0.0,0.3200327157974243,0.5098979411092895,1,0.0,1,1,enc_large_orig,orig,no,encoder
485,0.570281124497992,-0.0011375660542398691,0.003583234269171953,0.33979272842407227,0.5136604529560458,2,4.0,1,1,enc_large_orig,orig,no,encoder
486,0.5381526104417671,0.004770094528794289,0.0242219939827919,0.3561505675315857,0.5117118427375494,3,8.0,1,1,enc_large_orig,orig,no,encoder
487,0.6345381526104418,0.006205058190971613,0.019145198166370392,0.3576973080635071,0.5140977354961879,4,12.0,1,2,enc_large_orig,orig,no,encoder
488,0.5662650602409638,0.0030397751834243536,0.027520980685949326,0.3595956563949585,0.5193925119897185,5,16.0,1,1,enc_large_orig,orig,no,encoder
489,0.642570281124498,0.0038575311191380024,0.015833906829357147,0.3463982343673706,0.5142232050203598,6,20.0,2,2,enc_large_orig,orig,no,encoder
490,0.6345381526104418,0.017731595784425735,0.03431710600852966,0.37201038002967834,0.5207220550517799,7,24.0,2,2,enc_large_orig,orig,no,encoder
491,0.5180722891566265,-0.0024272832088172436,0.012676353566348553,0.34529852867126465,0.5164802721275251,8,28.0,2,1,enc_large_orig,orig,no,encoder
492,0.6265060240963856,0.009529470466077328,0.022203020751476288,0.3544597327709198,0.5143842117125657,9,32.0,2,2,enc_large_orig,orig,no,encoder
493,0.5783132530120482,0.019228219985961914,0.042036909610033035,0.38432052731513977,0.5361717480162631,10,36.0,2,1,enc_large_orig,orig,no,encoder
494,0.5943775100401606,0.007110937498509884,0.02427864633500576,0.36463040113449097,0.515605966483347,11,40.0,2,1,enc_large_orig,orig,no,encoder
495,0.5261044176706827,0.01110414881259203,0.04139726236462593,0.36395564675331116,0.5334048866876725,12,44.0,3,1,enc_large_orig,orig,no,encoder
496,0.6184738955823293,0.012419970706105232,0.05478808283805847,0.3810281455516815,0.5390152456476105,13,48.0,3,1,enc_large_orig,orig,no,encoder
497,0.6827309236947792,0.02871539071202278,0.08463998138904572,0.4317302703857422,0.5518948028119577,14,52.0,3,2,enc_large_orig,orig,no,encoder
498,0.6024096385542168,0.04649464786052704,0.14545361697673798,0.44675397872924805,0.5734275789866164,15,56.0,3,1,enc_large_orig,orig,no,encoder
499,0.5542168674698795,0.07983320206403732,0.17610619962215424,0.47387611865997314,0.5979701853217432,16,60.0,3,1,enc_large_orig,orig,no,encoder
500,0.5542168674698795,0.07061093300580978,0.20067323744297028,0.46536436676979065,0.6036502802844068,17,64.0,3,1,enc_large_orig,orig,no,encoder
501,0.5622489959839357,0.12204571068286896,0.2658390998840332,0.4947860538959503,0.6111197162739059,18,68.0,4,1,enc_large_orig,orig,no,encoder
502,0.5542168674698795,0.08213822543621063,0.2508467137813568,0.4958147406578064,0.6034856828747237,19,72.0,4,1,enc_large_orig,orig,no,encoder
503,0.5742971887550201,0.05192476883530617,0.20143556594848633,0.4551122188568115,0.5914172319409151,20,76.0,4,1,enc_large_orig,orig,no,encoder
504,0.6265060240963856,0.04764100909233093,0.20118284225463867,0.48965132236480713,0.6084559319047276,21,80.0,4,2,enc_large_orig,orig,no,encoder
505,0.6345381526104418,0.061692263931035995,0.1670742630958557,0.4797271490097046,0.5941497541064362,22,84.0,4,2,enc_large_orig,orig,no,encoder
506,0.6224899598393574,0.07264280319213867,0.14878669381141663,0.434696763753891,0.5809775200352059,23,88.0,4,1,enc_large_orig,orig,no,encoder
507,0.6144578313253012,0.06651856005191803,0.11935210227966309,0.4196617901325226,0.5674364961723619,24,92.0,4,1,enc_large_orig,orig,no,encoder
508,0.5863453815261044,0.024961093440651894,0.07681257277727127,0.39594700932502747,0.5474345885466068,25,96.0,4,1,enc_large_orig,orig,no,encoder
509,0.5381526104417671,0.0,0.0,0.3200327157974243,0.5098979411092895,1,0.0,1,1,enc_large_pretr_orig,orig,yes,encoder
510,0.606425702811245,-0.0009703111136332154,0.002027717651799321,0.32437992095947266,0.508635283014805,2,4.0,1,1,enc_large_pretr_orig,orig,yes,encoder
511,0.5381526104417671,0.0027026196476072073,0.01806737668812275,0.3475464880466461,0.5169273907985295,3,8.0,1,1,enc_large_pretr_orig,orig,yes,encoder
512,0.5261044176706827,0.0006273514009080827,0.018567128106951714,0.3429239094257355,0.5096466142240152,4,12.0,1,1,enc_large_pretr_orig,orig,yes,encoder
513,0.5783132530120482,0.018625184893608093,0.07453603297472,0.39050692319869995,0.550309936093565,5,16.0,1,1,enc_large_pretr_orig,orig,yes,encoder
514,0.5783132530120482,0.04160313308238983,0.07082263380289078,0.38287127017974854,0.5310596514165791,6,20.0,2,1,enc_large_pretr_orig,orig,yes,encoder
515,0.5742971887550201,0.00788375735282898,0.10663637518882751,0.40742602944374084,0.5483108125981491,7,24.0,2,1,enc_large_pretr_orig,orig,yes,encoder
516,0.5502008032128514,0.03820477053523064,0.09688407182693481,0.42306745052337646,0.5645765135367786,8,28.0,2,1,enc_large_pretr_orig,orig,yes,encoder
517,0.5582329317269077,0.03190112113952637,0.06045917794108391,0.4058343172073364,0.5442966688724462,9,32.0,2,1,enc_large_pretr_orig,orig,yes,encoder
518,0.5060240963855422,0.09714414179325104,0.15486963093280792,0.4474867880344391,0.550067923585014,10,36.0,2,1,enc_large_pretr_orig,orig,yes,encoder
519,0.5341365461847389,0.007405291777104139,0.04200635477900505,0.37781351804733276,0.5173175973644234,11,40.0,2,1,enc_large_pretr_orig,orig,yes,encoder
520,0.5461847389558233,0.012856130488216877,0.031027302145957947,0.34731602668762207,0.5094529218462294,12,44.0,3,1,enc_large_pretr_orig,orig,yes,encoder
521,0.5783132530120482,0.007404155097901821,0.020030608400702477,0.3586854636669159,0.5144609511106093,13,48.0,3,1,enc_large_pretr_orig,orig,yes,encoder
522,0.6345381526104418,0.0003546398365870118,0.011957620270550251,0.3427621126174927,0.5104017465152569,14,52.0,3,2,enc_large_pretr_orig,orig,yes,encoder
523,0.6265060240963856,0.007694232743233442,0.026771266013383865,0.334041953086853,0.5519458799575745,15,56.0,3,2,enc_large_pretr_orig,orig,yes,encoder
524,0.5180722891566265,0.00684542628005147,0.019662929698824883,0.35447248816490173,0.5176682198511086,16,60.0,3,1,enc_large_pretr_orig,orig,yes,encoder
525,0.5903614457831325,0.03418833762407303,0.06008686125278473,0.38546615839004517,0.5286293303383739,17,64.0,3,1,enc_large_pretr_orig,orig,yes,encoder
526,0.7068273092369478,0.0057297442108392715,0.0264454148709774,0.36243730783462524,0.5062482249563538,18,68.0,4,2,enc_large_pretr_orig,orig,yes,encoder
527,0.7831325301204819,0.0021352393086999655,0.013809660449624062,0.34254923462867737,0.5125497062994596,19,72.0,4,3,enc_large_pretr_orig,orig,yes,encoder
528,0.6265060240963856,0.11540962010622025,0.25059711933135986,0.5072054266929626,0.6471446736576653,20,76.0,4,2,enc_large_pretr_orig,orig,yes,encoder
529,0.9598393574297188,0.0183979831635952,0.11470154672861099,0.37022730708122253,0.5370778026015315,21,80.0,4,4,enc_large_pretr_orig,orig,yes,encoder
530,0.9477911646586346,0.0387527272105217,0.11153433471918106,0.35243645310401917,0.5347709774007712,22,84.0,4,4,enc_large_pretr_orig,orig,yes,encoder
531,0.891566265060241,0.07429194450378418,0.10006457567214966,0.4089260697364807,0.5336062772299838,23,88.0,4,4,enc_large_pretr_orig,orig,yes,encoder
532,0.8835341365461847,0.07416809350252151,0.09436558932065964,0.36628279089927673,0.5358558580797663,24,92.0,4,4,enc_large_pretr_orig,orig,yes,encoder
533,0.8795180722891567,0.0824982300400734,0.1054779514670372,0.3621015250682831,0.5096132443005942,25,96.0,4,4,enc_large_pretr_orig,orig,yes,encoder
534,0.5381526104417671,0.0,0.0,0.3200361430644989,0.5098975203768085,1,0.0,1,1,enc_dec_base_orig,orig,no,encoder
535,0.5943775100401606,0.02955266833305359,0.05618993937969208,0.3810650706291199,0.5213646374828984,2,8.0,1,1,enc_dec_base_orig,orig,no,encoder
536,0.606425702811245,0.023995384573936462,0.05120425671339035,0.3823814392089844,0.5259185287578382,3,15.0,2,1,enc_dec_base_orig,orig,no,encoder
537,0.606425702811245,0.020017337054014206,0.060074739158153534,0.3983473479747772,0.5332772595969283,4,23.0,2,1,enc_dec_base_orig,orig,no,encoder
538,0.6184738955823293,0.008121260441839695,0.04678037762641907,0.3888503909111023,0.5252868131783209,5,31.0,2,1,enc_dec_base_orig,orig,no,encoder
539,0.5983935742971888,0.03216468170285225,0.08082932978868484,0.37255457043647766,0.53278223576276,6,38.0,3,1,enc_dec_base_orig,orig,no,encoder
540,0.6024096385542169,0.056753888726234436,0.14360260963439941,0.43668925762176514,0.5529437682022904,7,46.0,3,1,enc_dec_base_orig,orig,no,encoder
541,0.6144578313253012,0.10249568521976471,0.36195647716522217,0.5401133894920349,0.6285383711637146,8,54.0,3,1,enc_dec_base_orig,orig,no,encoder
542,0.6184738955823293,0.08503319323062897,0.33610376715660095,0.571763277053833,0.6146778372158976,9,62.0,4,1,enc_dec_base_orig,orig,no,encoder
543,0.6144578313253012,0.12082365900278091,0.4344833493232727,0.6630649566650391,0.6842889157239403,10,69.0,4,1,enc_dec_base_orig,orig,no,encoder
544,0.5903614457831325,0.1357869952917099,0.3527015149593353,0.5454511642456055,0.6258590561688682,11,77.0,4,1,enc_dec_base_orig,orig,no,encoder
545,0.5943775100401606,0.12829509377479553,0.40162187814712524,0.568323016166687,0.6324182418727733,12,85.0,4,1,enc_dec_base_orig,orig,no,encoder
546,0.5943775100401606,0.08006151765584946,0.29658225178718567,0.524624228477478,0.6042483888770169,13,92.0,4,1,enc_dec_base_orig,orig,no,encoder
547,0.5381526104417671,0.0,0.0,0.3200361430644989,0.5098975203768085,1,0.0,1,1,enc_dec_base_decoder_orig,orig,no,decoder
548,0.6104417670682731,0.0030451673083007336,0.021116362884640694,0.35000917315483093,0.510816009916306,2,8.0,1,1,enc_dec_base_decoder_orig,orig,no,decoder
549,0.5983935742971888,0.004005008842796087,0.029192179441452026,0.35460034012794495,0.5155125759986323,3,15.0,2,1,enc_dec_base_decoder_orig,orig,no,decoder
550,0.6184738955823293,0.0009275720803998411,0.016280241310596466,0.344536155462265,0.5120017263078799,4,23.0,2,1,enc_dec_base_decoder_orig,orig,no,decoder
551,0.6144578313253012,0.00045603973558172584,0.013792433775961399,0.34450477361679077,0.5112324674557992,5,31.0,2,1,enc_dec_base_decoder_orig,orig,no,decoder
552,0.6104417670682731,0.0007158690714277327,0.014345532283186913,0.3489910364151001,0.5081455566998933,6,38.0,3,1,enc_dec_base_decoder_orig,orig,no,decoder
553,0.606425702811245,0.0011778362095355988,0.02227688953280449,0.343080997467041,0.5095116992775279,7,46.0,3,1,enc_dec_base_decoder_orig,orig,no,decoder
554,0.6024096385542169,0.0019053966971114278,0.03239453583955765,0.3569929003715515,0.5145174509705629,8,54.0,3,1,enc_dec_base_decoder_orig,orig,no,decoder
555,0.6024096385542169,0.002221514470875263,0.0341862253844738,0.36931997537612915,0.5131959013889018,9,62.0,4,1,enc_dec_base_decoder_orig,orig,no,decoder
556,0.5220883534136547,0.011000390164554119,0.04111035540699959,0.36887967586517334,0.5485986335790428,10,69.0,4,1,enc_dec_base_decoder_orig,orig,no,decoder
557,0.5100401606425703,0.019075632095336914,0.06638801842927933,0.3735688030719757,0.5382558433470003,11,77.0,4,1,enc_dec_base_decoder_orig,orig,no,decoder
558,0.5582329317269077,0.053722187876701355,0.11693690717220306,0.4171195924282074,0.5708262094839427,12,85.0,4,1,enc_dec_base_decoder_orig,orig,no,decoder
559,0.5783132530120482,0.02668815664947033,0.1479189693927765,0.4181542992591858,0.5741719013726915,13,92.0,4,1,enc_dec_base_decoder_orig,orig,no,decoder
560,0.5381526104417671,0.0,0.0,0.3200361430644989,0.5098975203768085,1,0.0,1,1,enc_dec_pretr_original,orig,yes,encoder
561,0.5742971887550201,0.012948828749358654,0.044114526361227036,0.3794361352920532,0.5207318269580317,2,8.0,1,1,enc_dec_pretr_original,orig,yes,encoder
562,0.6104417670682731,0.01169114001095295,0.06543996185064316,0.38602960109710693,0.5351184916495805,3,15.0,2,1,enc_dec_pretr_original,orig,yes,encoder
563,0.6144578313253012,0.030835961923003197,0.11796652525663376,0.43622273206710815,0.5565241738392206,4,23.0,2,1,enc_dec_pretr_original,orig,yes,encoder
564,0.5903614457831325,0.01259001437574625,0.12111979722976685,0.4330748915672302,0.5478031509783857,5,31.0,2,1,enc_dec_pretr_original,orig,yes,encoder
565,0.570281124497992,0.013493601232767105,0.08555535972118378,0.40371474623680115,0.534281261334082,6,38.0,3,1,enc_dec_pretr_original,orig,yes,encoder
566,0.570281124497992,0.049515821039676666,0.12288837879896164,0.43604716658592224,0.5530462335835767,7,46.0,3,1,enc_dec_pretr_original,orig,yes,encoder
567,0.6224899598393574,0.10311033576726913,0.2861612141132355,0.48467880487442017,0.6666552419270584,8,54.0,3,1,enc_dec_pretr_original,orig,yes,encoder
568,0.6184738955823292,0.09932657331228256,0.3335822820663452,0.5167033672332764,0.674877662466216,9,62.0,4,1,enc_dec_pretr_original,orig,yes,encoder
569,0.6265060240963856,0.11430451273918152,0.30262744426727295,0.4764983355998993,0.6753589590800335,10,69.0,4,2,enc_dec_pretr_original,orig,yes,encoder
570,0.6144578313253012,0.13295124471187592,0.3363140821456909,0.6111875176429749,0.6447304263595529,11,77.0,4,1,enc_dec_pretr_original,orig,yes,encoder
571,0.5020080321285141,0.0377669632434845,0.4704265296459198,0.7111197113990784,0.6624737909004147,12,85.0,4,1,enc_dec_pretr_original,orig,yes,encoder
572,0.5140562248995983,0.035796426236629486,0.38732537627220154,0.5974316000938416,0.6415984354504296,13,92.0,4,1,enc_dec_pretr_original,orig,yes,encoder
573,0.5381526104417671,0.0,0.0,0.3200361430644989,0.5098975203768085,1,0.0,1,1,enc_dec_pretr_original_decoder,orig,yes,decoder
574,0.5502008032128514,0.0008618731517344713,0.04337792843580246,0.374441921710968,0.5284615829018784,2,8.0,1,1,enc_dec_pretr_original_decoder,orig,yes,decoder
575,0.5461847389558233,0.0017267059301957488,0.0632472038269043,0.39269036054611206,0.5368441500286079,3,15.0,2,1,enc_dec_pretr_original_decoder,orig,yes,decoder
576,0.5502008032128514,-0.0026196979451924562,0.04267951101064682,0.3698826730251312,0.5274052147463913,4,23.0,2,1,enc_dec_pretr_original_decoder,orig,yes,decoder
577,0.5461847389558233,-0.0007454484002664685,0.025169264525175095,0.35584336519241333,0.5200343264806312,5,31.0,2,1,enc_dec_pretr_original_decoder,orig,yes,decoder
578,0.5301204819277108,-0.005883388686925173,0.02181226760149002,0.36202988028526306,0.5201456168454984,6,38.0,3,1,enc_dec_pretr_original_decoder,orig,yes,decoder
579,0.5582329317269076,0.0005820679944008589,0.03589804470539093,0.3620968163013458,0.5191958427477915,7,46.0,3,1,enc_dec_pretr_original_decoder,orig,yes,decoder
580,0.5421686746987951,0.0011512942146509886,0.06187668442726135,0.3866848945617676,0.5272121755996759,8,54.0,3,1,enc_dec_pretr_original_decoder,orig,yes,decoder
581,0.5301204819277108,0.0004801229515578598,0.07262403517961502,0.40549397468566895,0.5422097890100059,9,62.0,4,1,enc_dec_pretr_original_decoder,orig,yes,decoder
582,0.5381526104417671,0.0035050068981945515,0.10868771374225616,0.4074881970882416,0.5567918753156114,10,69.0,4,1,enc_dec_pretr_original_decoder,orig,yes,decoder
583,0.5421686746987951,-0.02772410586476326,0.14830966293811798,0.472021222114563,0.5495508858714406,11,77.0,4,1,enc_dec_pretr_original_decoder,orig,yes,decoder
584,0.5502008032128514,0.003441765671595931,0.14775048196315765,0.41693586111068726,0.569665014091723,12,85.0,4,1,enc_dec_pretr_original_decoder,orig,yes,decoder
585,0.5140562248995983,0.00012802673154510558,0.05825696885585785,0.38005733489990234,0.5231803954530465,13,92.0,4,1,enc_dec_pretr_original_decoder,orig,yes,decoder
586,0.5381526104417671,0.0,0.0,0.3200361430644989,0.5098975203768085,1,0.0,1,1,enc_dec_pretr_original_table2,orig,yes,encoder
587,0.678714859437751,0.03742325305938721,0.06445847451686859,0.39886674284935,0.5414086604279367,2,8.0,1,2,enc_dec_pretr_original_table2,orig,yes,encoder
588,0.6706827309236948,0.023043815046548843,0.06583491712808609,0.3905229866504669,0.5323682146196408,3,15.0,2,2,enc_dec_pretr_original_table2,orig,yes,encoder
589,0.6345381526104418,0.021867798641324043,0.08887404203414917,0.4293771982192993,0.548582127745403,4,23.0,2,2,enc_dec_pretr_original_table2,orig,yes,encoder
590,0.6104417670682731,0.008704164996743202,0.08851826190948486,0.40324902534484863,0.5361515413610667,5,31.0,2,1,enc_dec_pretr_original_table2,orig,yes,encoder
591,0.7028112449799196,0.013371906243264675,0.08593190461397171,0.3897564113140106,0.5380966696389867,6,38.0,3,2,enc_dec_pretr_original_table2,orig,yes,encoder
592,0.678714859437751,0.03372342512011528,0.18689796328544617,0.4317711293697357,0.595547630733299,7,46.0,3,2,enc_dec_pretr_original_table2,orig,yes,encoder
593,0.7028112449799198,0.11918984353542328,0.23534613847732544,0.4901418685913086,0.6252512673047808,8,54.0,3,2,enc_dec_pretr_original_table2,orig,yes,encoder
594,0.7108433734939759,0.05345747619867325,0.2380366325378418,0.5553957223892212,0.5959484779271985,9,62.0,4,2,enc_dec_pretr_original_table2,orig,yes,encoder
595,0.7429718875502008,0.10012476146221161,0.32414713501930237,0.5390291810035706,0.6588834997302148,10,69.0,4,2,enc_dec_pretr_original_table2,orig,yes,encoder
596,0.7269076305220884,0.13251730799674988,0.3021835684776306,0.5661492347717285,0.6408555428634665,11,77.0,4,2,enc_dec_pretr_original_table2,orig,yes,encoder
597,0.7389558232931727,0.17426539957523346,0.25642839074134827,0.5109092593193054,0.6279387631173414,12,85.0,4,2,enc_dec_pretr_original_table2,orig,yes,encoder
598,0.7389558232931727,0.1490178406238556,0.28297826647758484,0.520641565322876,0.6267135487739867,13,92.0,4,2,enc_dec_pretr_original_table2,orig,yes,encoder
599,0.5381526104417671,0.0,0.0,0.3200361430644989,0.5098975203768085,1,0.0,1,1,enc_dec_pretr_original_decoder_table2,orig,yes,decoder
600,0.7469879518072289,0.004681896883994341,0.021463483572006226,0.3458446264266968,0.5113883722039986,2,8.0,1,2,enc_dec_pretr_original_decoder_table2,orig,yes,decoder
601,0.7349397590361446,0.0062123313546180725,0.0287476759403944,0.3502621650695801,0.5195660394894409,3,15.0,2,2,enc_dec_pretr_original_decoder_table2,orig,yes,decoder
602,0.7349397590361446,0.0039062327705323696,0.021859711036086082,0.34880122542381287,0.510928720452841,4,23.0,2,2,enc_dec_pretr_original_decoder_table2,orig,yes,decoder
603,0.7309236947791165,0.0015573783311992884,0.013556689023971558,0.3418392539024353,0.5111062273271723,5,31.0,2,2,enc_dec_pretr_original_decoder_table2,orig,yes,decoder
604,0.7269076305220884,0.0016775669064372778,0.010447942651808262,0.3431510925292969,0.5107315993081947,6,38.0,3,2,enc_dec_pretr_original_decoder_table2,orig,yes,decoder
605,0.7108433734939759,0.00294735049828887,0.014108586125075817,0.3473045229911804,0.5105792309018929,7,46.0,3,2,enc_dec_pretr_original_decoder_table2,orig,yes,decoder
606,0.6265060240963856,0.00368952052667737,0.01582069881260395,0.34765374660491943,0.5169877077434385,8,54.0,3,2,enc_dec_pretr_original_decoder_table2,orig,yes,decoder
607,0.714859437751004,0.010808845050632954,0.031079931184649467,0.36236444115638733,0.5148193875912821,9,62.0,4,2,enc_dec_pretr_original_decoder_table2,orig,yes,decoder
608,0.7228915662650602,0.008241754025220871,0.0435476154088974,0.3681211769580841,0.5177359244908494,10,69.0,4,2,enc_dec_pretr_original_decoder_table2,orig,yes,decoder
609,0.7469879518072289,0.011076301336288452,0.043180517852306366,0.375494122505188,0.5167886045826139,11,77.0,4,2,enc_dec_pretr_original_decoder_table2,orig,yes,decoder
610,0.7389558232931727,0.008456375449895859,0.035115089267492294,0.3646757900714874,0.5308476055858777,12,85.0,4,2,enc_dec_pretr_original_decoder_table2,orig,yes,decoder
611,0.7389558232931727,0.010380825027823448,0.033500395715236664,0.3725968897342682,0.509610004930208,13,92.0,4,2,enc_dec_pretr_original_decoder_table2,orig,yes,decoder
